timestamp,bid_1_price,bid_1_size,bid_2_price,bid_2_size,bid_3_price,bid_3_size,bid_4_price,bid_4_size,bid_5_price,bid_5_size,bid_6_price,bid_6_size,bid_7_price,bid_7_size,bid_8_price,bid_8_size,bid_9_price,bid_9_size,bid_10_price,bid_10_size,bid_11_price,bid_11_size,bid_12_price,bid_12_size,bid_13_price,bid_13_size,bid_14_price,bid_14_size,bid_15_price,bid_15_size,ask_1_price,ask_1_size,ask_2_price,ask_2_size,ask_3_price,ask_3_size,ask_4_price,ask_4_size,ask_5_price,ask_5_size,ask_6_price,ask_6_size,ask_7_price,ask_7_size,ask_8_price,ask_8_size,ask_9_price,ask_9_size,ask_10_price,ask_10_size,ask_11_price,ask_11_size,ask_12_price,ask_12_size,ask_13_price,ask_13_size,ask_14_price,ask_14_size,ask_15_price,ask_15_size
1757800369.3676817,3634.10,0.823,3635.13,0.778,3633.73,0.321,3635.49,0.333,3633.33,0.325,3635.85,0.256,3632.94,0.347,3636.24,0.282,3632.53,0.296,3636.63,0.302,3632.15,0.232,3637.00,0.304,3631.74,0.319,3637.39,0.271,3631.35,0.333,3637.76,0.419,3630.97,0.299,3638.16,0.403,3630.59,0.356,3638.54,0.346,3630.22,0.411,3638.93,0.284,3629.81,0.371,3639.34,0.349,3629.40,0.387,3639.75,0.421,3629.00,0.236,3640.16,0.394,3628.61,0.238,3640.57,0.370
1757800369.4604743,3634.10,0.680,3635.13,0.778,3633.73,0.320,3635.49,0.333,3633.36,0.409,3635.85,0.256,3632.96,0.355,3636.24,0.282,3632.56,0.266,3636.63,0.302,3632.19,0.271,3637.00,0.304,3631.80,0.288,3637.39,0.271,3631.43,0.277,3637.76,0.419,3631.03,0.405,3638.16,0.403,3630.65,0.239,3638.54,0.346,3630.26,0.342,3638.93,0.284,3629.85,0.270,3639.34,0.349,3629.44,0.272,3639.75,0.421,3629.03,0.316,3640.16,0.394,3628.62,0.287,3640.57,0.370
1757800371.570936,3634.10,0.680,3635.13,1.632,3633.73,0.320,3635.49,0.676,3633.36,0.409,3635.85,0.256,3632.96,0.355,3635.87,0.323,3632.56,0.266,3636.24,0.561,3632.19,0.271,3636.62,0.274,3631.80,0.288,3636.63,0.302,3631.43,0.277,3637.00,0.304,3631.03,0.405,3637.03,0.418,3630.65,0.239,3637.39,0.271,3630.26,0.342,3637.43,0.324,3629.85,0.270,3637.76,0.419,3629.44,0.272,3637.84,0.295,3629.03,0.316,3638.16,0.403,3628.62,0.287,3638.22,0.314
1757800371.661489,3634.10,0.489,3635.13,0.854,3633.73,0.275,3635.49,0.343,3633.34,0.252,3635.87,0.323,3632.96,0.255,3636.24,0.279,3632.57,0.275,3636.62,0.274,3632.16,0.391,3637.03,0.418,3631.76,0.414,3637.43,0.324,3631.35,0.389,3637.84,0.295,3630.97,0.248,3638.22,0.314,3630.56,0.381,3638.63,0.421,3630.19,0.322,3639.00,0.322,3629.81,0.361,3639.38,0.294,3629.44,0.312,3639.75,0.357,3629.04,0.288,3640.15,0.412,3628.64,0.379,3640.55,0.244
1757800373.861291,3634.10,0.489,3635.13,0.780,3633.73,0.275,3635.49,0.358,3633.34,0.252,3635.89,0.331,3632.96,0.255,3636.27,0.271,3632.57,0.275,3636.64,0.312,3632.55,0.285,3637.03,0.243,3632.16,0.391,3637.44,0.395,3631.76,0.414,3637.84,0.378,3631.35,0.801,3638.22,0.392,3630.97,0.558,3638.59,0.367,3630.56,0.381,3639.00,0.339,3630.19,0.322,3639.40,0.279,3629.81,0.361,3639.81,0.310,3629.44,0.312,3640.22,0.269,3629.04,0.288,3640.60,0.387
1757800373.9628704,3634.10,0.501,3635.13,0.780,3633.73,0.303,3635.49,0.358,3633.32,0.408,3635.89,0.331,3632.93,0.344,3636.27,0.271,3632.55,0.285,3636.64,0.312,3632.16,0.273,3637.03,0.243,3631.75,0.327,3637.44,0.395,3631.35,0.412,3637.84,0.378,3630.97,0.310,3638.22,0.392,3630.60,0.313,3638.59,0.367,3630.19,0.275,3639.00,0.339,3629.79,0.238,3639.40,0.279,3629.38,0.384,3639.81,0.310,3628.97,0.314,3640.22,0.269,3628.59,0.287,3640.60,0.387
1757800376.0620017,3634.10,0.501,3635.13,0.545,3633.73,0.303,3635.49,0.245,3633.32,0.408,3635.86,0.419,3632.93,0.344,3636.25,0.410,3632.55,0.285,3636.64,0.272,3632.16,0.273,3637.04,0.234,3631.75,0.327,3637.43,0.381,3631.35,0.412,3637.82,0.272,3630.97,0.310,3638.22,0.393,3630.60,0.313,3638.60,0.420,3630.19,0.275,3638.98,0.371,3629.79,0.238,3639.37,0.381,3629.38,0.384,3639.74,0.307,3628.97,0.314,3640.11,0.307,3628.59,0.287,3640.52,0.288
1757800376.160431,3634.10,0.773,3635.13,0.545,3633.73,0.353,3635.49,0.245,3633.35,0.329,3635.86,0.419,3632.95,0.307,3636.25,0.410,3632.55,0.419,3636.64,0.272,3632.15,0.356,3637.04,0.234,3631.76,0.272,3637.43,0.381,3631.37,0.272,3637.82,0.272,3630.97,0.347,3638.22,0.393,3630.59,0.296,3638.60,0.420,3630.21,0.412,3638.98,0.371,3629.82,0.279,3639.37,0.381,3629.45,0.355,3639.74,0.307,3629.08,0.328,3640.11,0.307,3628.67,0.408,3640.52,0.288
1757800378.3647888,3634.10,1.441,3635.13,0.714,3633.73,0.662,3635.49,0.237,3633.35,0.631,3635.86,0.379,3632.98,0.273,3636.22,0.399,3632.95,0.307,3636.59,0.285,3632.60,0.248,3637.00,0.256,3632.55,0.419,3637.39,0.412,3632.19,0.322,3637.80,0.369,3632.15,0.356,3638.21,0.388,3631.80,0.233,3638.58,0.326,3631.76,0.272,3638.98,0.344,3631.39,0.323,3639.39,0.265,3631.37,0.272,3639.76,0.361,3630.98,0.231,3640.13,0.377,3630.97,0.347,3640.53,0.300
1757800378.4643435,3634.10,0.668,3635.13,0.714,3633.73,0.309,3635.49,0.237,3633.35,0.302,3635.86,0.379,3632.98,0.273,3636.22,0.399,3632.60,0.248,3636.59,0.285,3632.19,0.322,3637.00,0.256,3631.80,0.233,3637.39,0.412,3631.39,0.323,3637.80,0.369,3630.98,0.231,3638.21,0.388,3630.61,0.282,3638.58,0.326,3630.21,0.316,3638.98,0.344,3629.80,0.389,3639.39,0.265,3629.43,0.392,3639.76,0.361,3629.06,0.370,3640.13,0.377,3628.66,0.360,3640.53,0.300
1757800380.5602915,3634.10,0.668,3635.13,0.820,3633.73,0.309,3635.49,0.277,3633.35,0.302,3635.89,0.409,3632.98,0.273,3636.29,0.419,3632.60,0.248,3636.68,0.380,3632.19,0.322,3637.07,0.300,3631.80,0.233,3637.48,0.337,3631.39,0.323,3637.85,0.246,3630.98,0.231,3638.26,0.296,3630.61,0.282,3638.65,0.386,3630.21,0.316,3639.03,0.289,3629.80,0.389,3639.40,0.365,3629.43,0.392,3639.81,0.282,3629.06,0.370,3640.19,0.395,3628.66,0.360,3640.60,0.318
1757800380.6630986,3634.10,0.674,3635.13,0.820,3633.73,0.324,3635.49,0.277,3633.32,0.365,3635.89,0.409,3632.91,0.266,3636.29,0.419,3632.51,0.401,3636.68,0.380,3632.12,0.424,3637.07,0.300,3631.71,0.385,3637.48,0.337,3631.34,0.313,3637.85,0.246,3630.93,0.315,3638.26,0.296,3630.54,0.396,3638.65,0.386,3630.16,0.396,3639.03,0.289,3629.79,0.254,3639.40,0.365,3629.38,0.412,3639.81,0.282,3629.00,0.271,3640.19,0.395,3628.59,0.360,3640.60,0.318
1757800382.8607686,3634.10,0.674,3635.13,1.339,3633.73,0.324,3635.49,0.607,3633.32,0.365,3635.87,0.314,3632.91,0.266,3635.89,0.409,3632.51,0.401,3636.25,0.308,3632.12,0.424,3636.29,0.419,3631.71,0.385,3636.64,0.285,3631.34,0.313,3636.68,0.380,3630.93,0.315,3637.04,0.347,3630.54,0.396,3637.07,0.300,3630.16,0.396,3637.44,0.235,3629.79,0.254,3637.48,0.337,3629.38,0.412,3637.85,0.577,3629.00,0.271,3638.24,0.248,3628.59,0.360,3638.26,0.296
1757800382.9616284,3634.10,0.674,3635.13,0.519,3633.73,0.324,3635.49,0.330,3633.32,0.365,3635.87,0.314,3632.91,0.266,3636.25,0.308,3632.51,0.401,3636.64,0.285,3632.12,0.424,3637.04,0.347,3631.71,0.385,3637.44,0.235,3631.34,0.313,3637.85,0.331,3630.93,0.315,3638.24,0.248,3630.54,0.396,3638.64,0.354,3630.16,0.396,3639.01,0.367,3629.79,0.254,3639.42,0.405,3629.38,0.412,3639.80,0.332,3629.00,0.271,3640.18,0.277,3628.59,0.360,3640.56,0.338
1757800383.0628107,3634.10,0.847,3635.13,0.519,3633.73,0.311,3635.49,0.330,3633.34,0.405,3635.87,0.314,3632.95,0.372,3636.25,0.308,3632.55,0.389,3636.64,0.285,3632.15,0.404,3637.04,0.347,3631.75,0.307,3637.44,0.235,3631.34,0.307,3637.85,0.331,3630.95,0.423,3638.24,0.248,3630.55,0.267,3638.64,0.354,3630.18,0.400,3639.01,0.367,3629.77,0.279,3639.42,0.405,3629.39,0.310,3639.80,0.332,3629.01,0.419,3640.18,0.277,3628.63,0.374,3640.56,0.338
1757800385.361624,3634.10,0.847,3635.13,0.843,3633.73,0.311,3635.49,0.413,3633.34,0.405,3635.89,0.318,3632.95,0.372,3636.25,0.343,3632.55,0.389,3636.62,0.257,3632.15,0.404,3637.01,0.351,3631.75,0.307,3637.40,0.359,3631.34,0.307,3637.81,0.350,3630.95,0.423,3638.22,0.308,3630.55,0.267,3638.59,0.423,3630.18,0.400,3639.00,0.332,3629.77,0.279,3639.40,0.398,3629.39,0.310,3639.78,0.373,3629.01,0.419,3640.18,0.315,3628.63,0.374,3640.55,0.335
1757800385.4624906,3634.10,0.817,3635.13,0.843,3633.73,0.632,3635.49,0.413,3633.34,0.405,3635.89,0.318,3633.32,0.247,3636.25,0.343,3632.95,0.748,3636.62,0.257,3632.57,0.384,3637.01,0.351,3632.18,0.370,3637.40,0.359,3631.79,0.337,3637.81,0.350,3631.75,0.307,3638.22,0.308,3631.38,0.339,3638.59,0.423,3631.34,0.307,3639.00,0.332,3630.97,0.320,3639.40,0.398,3630.95,0.423,3639.78,0.373,3630.60,0.258,3640.18,0.315,3630.19,0.288,3640.55,0.335
1757800385.5612717,3634.10,0.817,3635.13,0.843,3633.73,0.321,3635.49,0.413,3633.32,0.247,3635.89,0.318,3632.95,0.376,3636.25,0.343,3632.57,0.384,3636.62,0.257,3632.18,0.370,3637.01,0.351,3631.79,0.337,3637.40,0.359,3631.38,0.339,3637.81,0.350,3630.97,0.320,3638.22,0.308,3630.60,0.258,3638.59,0.423,3630.19,0.288,3639.00,0.332,3629.79,0.372,3639.40,0.398,3629.41,0.267,3639.78,0.373,3629.01,0.351,3640.18,0.315,3628.64,0.420,3640.55,0.335
1757800387.6620786,3634.10,0.817,3635.13,0.809,3633.73,0.321,3635.49,0.389,3633.32,0.247,3635.87,0.260,3632.95,0.376,3636.26,0.375,3632.57,0.384,3636.66,0.348,3632.18,0.370,3637.03,0.236,3631.79,0.337,3637.40,0.403,3631.38,0.339,3637.79,0.407,3630.97,0.320,3638.19,0.374,3630.60,0.258,3638.59,0.349,3630.19,0.288,3638.97,0.417,3629.79,0.372,3639.36,0.353,3629.41,0.267,3639.75,0.300,3629.01,0.351,3640.16,0.361,3628.64,0.420,3640.53,0.254
1757800387.861717,3634.10,0.502,3635.13,0.809,3633.73,0.381,3635.49,0.389,3633.34,0.339,3635.87,0.260,3632.94,0.424,3636.26,0.375,3632.53,0.264,3636.66,0.348,3632.16,0.251,3637.03,0.236,3631.79,0.271,3637.40,0.403,3631.40,0.361,3637.79,0.407,3631.00,0.352,3638.19,0.374,3630.60,0.364,3638.59,0.349,3630.22,0.314,3638.97,0.417,3629.83,0.398,3639.36,0.353,3629.44,0.332,3639.75,0.300,3629.03,0.297,3640.16,0.361,3628.66,0.253,3640.53,0.254
1757800390.0634665,3634.10,0.502,3635.13,0.672,3633.73,0.381,3635.49,0.312,3633.34,0.339,3635.87,0.293,3632.94,0.424,3636.26,0.418,3632.53,0.264,3636.64,0.251,3632.16,0.251,3637.02,0.336,3631.79,0.271,3637.39,0.374,3631.40,0.361,3637.76,0.378,3631.00,0.352,3638.15,0.329,3630.60,0.364,3638.56,0.325,3630.22,0.314,3638.97,0.328,3629.83,0.398,3639.36,0.324,3629.44,0.332,3639.73,0.377,3629.03,0.297,3640.10,0.279,3628.66,0.253,3640.50,0.335
1757800390.1619964,3634.10,0.747,3635.13,0.672,3633.73,0.349,3635.49,0.312,3633.34,0.257,3635.87,0.293,3632.94,0.239,3636.26,0.418,3632.55,0.403,3636.64,0.251,3632.17,0.412,3637.02,0.336,3631.80,0.288,3637.39,0.374,3631.43,0.402,3637.76,0.378,3631.04,0.330,3638.15,0.329,3630.63,0.278,3638.56,0.325,3630.22,0.382,3638.97,0.328,3629.83,0.371,3639.36,0.324,3629.46,0.429,3639.73,0.377,3629.09,0.301,3640.10,0.279,3628.69,0.343,3640.50,0.335
1757800392.3618782,3634.10,0.747,3635.13,0.577,3633.73,0.349,3635.49,0.294,3633.34,0.257,3635.86,0.337,3632.94,0.239,3636.25,0.410,3632.55,0.403,3636.65,0.326,3632.17,0.412,3637.06,0.295,3631.80,0.288,3637.45,0.421,3631.43,0.402,3637.83,0.334,3631.04,0.330,3638.20,0.274,3630.63,0.278,3638.58,0.242,3630.22,0.382,3638.96,0.268,3629.83,0.371,3639.35,0.344,3629.46,0.429,3639.76,0.401,3629.09,0.301,3640.13,0.252,3628.69,0.343,3640.50,0.293
1757800392.466228,3634.10,1.325,3635.13,0.577,3633.73,0.617,3635.49,0.294,3633.35,0.243,3635.86,0.337,3633.34,0.257,3636.25,0.410,3632.95,0.248,3636.65,0.326,3632.94,0.239,3637.06,0.295,3632.55,0.403,3637.45,0.421,3632.54,0.247,3637.83,0.334,3632.17,0.412,3638.20,0.274,3632.13,0.357,3638.58,0.242,3631.80,0.288,3638.96,0.268,3631.74,0.403,3639.35,0.344,3631.43,0.402,3639.76,0.401,3631.36,0.274,3640.13,0.252,3631.04,0.330,3640.50,0.293
1757800392.5625243,3634.10,0.578,3635.13,0.577,3633.73,0.268,3635.49,0.294,3633.35,0.243,3635.86,0.337,3632.95,0.248,3636.25,0.410,3632.54,0.247,3636.65,0.326,3632.13,0.357,3637.06,0.295,3631.74,0.403,3637.45,0.421,3631.36,0.274,3637.83,0.334,3630.99,0.325,3638.20,0.274,3630.61,0.360,3638.58,0.242,3630.23,0.231,3638.96,0.268,3629.84,0.410,3639.35,0.344,3629.43,0.324,3639.76,0.401,3629.06,0.236,3640.13,0.252,3628.69,0.402,3640.50,0.293
1757800394.659758,3634.10,0.578,3635.13,0.470,3633.73,0.268,3635.49,0.235,3633.35,0.243,3635.86,0.282,3632.95,0.248,3636.22,0.303,3632.54,0.247,3636.62,0.264,3632.13,0.357,3636.99,0.262,3631.74,0.403,3637.36,0.300,3631.36,0.274,3637.77,0.286,3630.99,0.325,3638.16,0.278,3630.61,0.360,3638.57,0.308,3630.23,0.231,3638.94,0.411,3629.84,0.410,3639.31,0.237,3629.43,0.324,3639.71,0.304,3629.06,0.236,3640.08,0.291,3628.69,0.402,3640.48,0.264
1757800394.7635722,3634.10,1.355,3635.13,0.470,3633.73,0.571,3635.49,0.235,3633.35,0.480,3635.86,0.282,3632.98,0.411,3636.22,0.303,3632.95,0.248,3636.62,0.264,3632.57,0.302,3636.99,0.262,3632.54,0.247,3637.36,0.300,3632.20,0.244,3637.77,0.286,3632.13,0.357,3638.16,0.278,3631.83,0.317,3638.57,0.308,3631.74,0.403,3638.94,0.411,3631.42,0.402,3639.31,0.237,3631.36,0.274,3639.71,0.304,3631.03,0.290,3640.08,0.291,3630.99,0.325,3640.48,0.264
1757800394.859336,3634.10,0.777,3635.13,0.470,3633.73,0.303,3635.49,0.235,3633.35,0.237,3635.86,0.282,3632.98,0.411,3636.22,0.303,3632.57,0.302,3636.62,0.264,3632.20,0.244,3636.99,0.262,3631.83,0.317,3637.36,0.300,3631.42,0.402,3637.77,0.286,3631.03,0.290,3638.16,0.278,3630.62,0.269,3638.57,0.308,3630.25,0.330,3638.94,0.411,3629.88,0.419,3639.31,0.237,3629.48,0.403,3639.71,0.304,3629.11,0.311,3640.08,0.291,3628.71,0.244,3640.48,0.264
1757800396.859734,3634.10,0.777,3635.13,0.739,3633.73,0.303,3635.49,0.325,3633.35,0.237,3635.87,0.237,3632.98,0.411,3636.24,0.388,3632.57,0.302,3636.64,0.252,3632.20,0.244,3637.03,0.408,3631.83,0.317,3637.42,0.268,3631.42,0.402,3637.82,0.361,3631.03,0.290,3638.21,0.294,3630.62,0.269,3638.58,0.306,3630.25,0.330,3638.97,0.358,3629.88,0.419,3639.38,0.330,3629.48,0.403,3639.78,0.313,3629.11,0.311,3640.19,0.321,3628.71,0.244,3640.57,0.370
1757800396.960444,3634.10,0.485,3635.13,0.739,3633.73,0.306,3635.49,0.325,3633.34,0.284,3635.87,0.237,3632.96,0.409,3636.24,0.388,3632.55,0.233,3636.64,0.252,3632.16,0.284,3637.03,0.408,3631.77,0.281,3637.42,0.268,3631.37,0.399,3637.82,0.361,3630.98,0.369,3638.21,0.294,3630.61,0.408,3638.58,0.306,3630.22,0.331,3638.97,0.358,3629.81,0.264,3639.38,0.330,3629.41,0.378,3639.78,0.313,3629.00,0.294,3640.19,0.321,3628.62,0.367,3640.57,0.370
1757800399.0601926,3634.10,0.485,3635.13,1.503,3633.73,0.306,3635.49,0.658,3633.34,0.284,3635.87,0.559,3632.96,0.409,3636.24,0.388,3632.55,0.233,3636.25,0.420,3632.16,0.284,3636.64,0.585,3631.77,0.281,3637.03,0.408,3631.37,0.399,3637.04,0.422,3630.98,0.369,3637.42,0.542,3630.61,0.408,3637.81,0.316,3630.22,0.331,3637.82,0.361,3629.81,0.264,3638.19,0.375,3629.41,0.378,3638.21,0.294,3629.00,0.294,3638.57,0.319,3628.62,0.367,3638.58,0.306
1757800399.1628542,3634.10,0.756,3635.13,0.764,3633.73,0.425,3635.49,0.333,3633.34,0.317,3635.87,0.322,3632.95,0.249,3636.25,0.420,3632.55,0.283,3636.64,0.333,3632.15,0.351,3637.04,0.422,3631.77,0.370,3637.42,0.274,3631.38,0.360,3637.81,0.316,3631.00,0.249,3638.19,0.375,3630.62,0.260,3638.57,0.319,3630.24,0.392,3638.95,0.386,3629.86,0.300,3639.33,0.250,3629.46,0.329,3639.73,0.335,3629.05,0.260,3640.14,0.373,3628.64,0.333,3640.55,0.265
1757800401.2607462,3634.10,0.756,3635.13,1.268,3633.73,0.425,3635.49,0.695,3633.34,0.317,3635.87,0.717,3632.95,0.249,3636.25,0.820,3632.55,0.283,3636.61,0.264,3632.15,0.351,3636.64,0.333,3631.77,0.370,3637.02,0.383,3631.38,0.360,3637.04,0.422,3631.00,0.249,3637.42,0.274,3630.62,0.260,3637.43,0.345,3630.24,0.392,3637.81,0.565,3629.86,0.300,3638.18,0.344,3629.46,0.329,3638.19,0.375,3629.05,0.260,3638.56,0.425,3628.64,0.333,3638.57,0.319
1757800401.3625355,3634.10,0.505,3635.13,0.504,3633.73,0.365,3635.49,0.362,3633.34,0.248,3635.87,0.395,3632.95,0.355,3636.25,0.400,3632.58,0.262,3636.61,0.264,3632.17,0.364,3637.02,0.383,3631.76,0.389,3637.43,0.345,3631.38,0.325,3637.81,0.249,3631.01,0.337,3638.18,0.344,3630.63,0.352,3638.56,0.425,3630.25,0.422,3638.94,0.412,3629.88,0.296,3639.31,0.308,3629.47,0.316,3639.72,0.411,3629.10,0.252,3640.09,0.393,3628.69,0.315,3640.50,0.338
1757800403.4607644,3634.10,0.505,3635.13,1.235,3633.73,0.365,3635.49,0.746,3633.34,0.248,3635.87,0.395,3632.95,0.355,3635.88,0.361,3632.58,0.262,3636.24,0.360,3632.17,0.364,3636.25,0.400,3631.76,0.389,3636.61,0.264,3631.38,0.325,3636.62,0.269,3631.01,0.337,3637.02,0.683,3630.63,0.352,3637.42,0.281,3630.25,0.422,3637.43,0.345,3629.88,0.296,3637.81,0.249,3629.47,0.316,3637.82,0.298,3629.10,0.252,3638.18,0.344,3628.69,0.315,3638.19,0.352
1757800403.5613215,3634.10,0.852,3635.13,0.731,3633.73,0.391,3635.49,0.384,3633.33,0.429,3635.88,0.361,3632.96,0.258,3636.24,0.360,3632.57,0.315,3636.62,0.269,3632.17,0.240,3637.02,0.300,3631.77,0.255,3637.42,0.281,3631.37,0.387,3637.82,0.298,3631.00,0.399,3638.19,0.352,3630.61,0.265,3638.58,0.336,3630.20,0.290,3638.99,0.274,3629.79,0.367,3639.40,0.261,3629.40,0.355,3639.79,0.235,3629.02,0.410,3640.17,0.379,3628.64,0.234,3640.55,0.395
1757800405.7634053,3634.10,0.747,3635.13,0.610,3633.73,0.256,3635.49,0.237,3633.36,0.305,3635.85,0.239,3632.95,0.372,3636.25,0.269,3632.58,0.386,3636.61,0.329,3632.17,0.359,3637.02,0.395,3631.77,0.317,3637.42,0.400,3631.38,0.388,3637.81,0.231,3630.97,0.258,3638.22,0.350,3630.59,0.239,3638.60,0.311,3630.21,0.372,3638.98,0.375,3629.81,0.386,3639.38,0.385,3629.42,0.341,3639.77,0.288,3629.05,0.419,3640.14,0.378,3628.68,0.397,3640.51,0.426
1757800407.961873,3634.10,0.747,3635.13,0.755,3633.73,0.256,3635.49,0.313,3633.36,0.305,3635.86,0.310,3632.95,0.372,3636.24,0.278,3632.58,0.386,3636.63,0.276,3632.17,0.359,3637.00,0.285,3631.77,0.317,3637.39,0.377,3631.38,0.388,3637.79,0.235,3630.97,0.258,3638.19,0.371,3630.59,0.239,3638.56,0.308,3630.21,0.372,3638.95,0.288,3629.81,0.386,3639.35,0.306,3629.42,0.341,3639.74,0.395,3629.05,0.419,3640.11,0.413,3628.68,0.397,3640.48,0.420
1757800408.0598893,3634.10,0.493,3635.13,0.755,3633.73,0.296,3635.49,0.313,3633.35,0.324,3635.86,0.310,3632.96,0.292,3636.24,0.278,3632.56,0.365,3636.63,0.276,3632.19,0.330,3637.00,0.285,3631.80,0.397,3637.39,0.377,3631.40,0.298,3637.79,0.235,3631.00,0.394,3638.19,0.371,3630.63,0.286,3638.56,0.308,3630.24,0.389,3638.95,0.288,3629.84,0.403,3639.35,0.306,3629.45,0.264,3639.74,0.395,3629.08,0.300,3640.11,0.413,3628.71,0.419,3640.48,0.420
1757800410.2725425,3634.10,0.493,3635.13,0.544,3633.73,0.296,3635.49,0.267,3633.35,0.324,3635.85,0.343,3632.96,0.292,3636.25,0.265,3632.56,0.365,3636.63,0.318,3632.19,0.330,3637.04,0.335,3631.80,0.397,3637.44,0.258,3631.40,0.298,3637.85,0.246,3631.00,0.394,3638.23,0.404,3630.63,0.286,3638.62,0.403,3630.24,0.389,3639.01,0.250,3629.84,0.403,3639.39,0.348,3629.45,0.264,3639.76,0.292,3629.08,0.300,3640.15,0.373,3628.71,0.419,3640.54,0.272
1757800410.3612514,3634.10,0.775,3635.13,0.544,3633.73,0.390,3635.49,0.267,3633.36,0.285,3635.85,0.343,3632.95,0.424,3636.25,0.265,3632.56,0.235,3636.63,0.318,3632.15,0.328,3637.04,0.335,3631.75,0.255,3637.44,0.258,3631.34,0.279,3637.85,0.246,3630.96,0.380,3638.23,0.404,3630.57,0.232,3638.62,0.403,3630.18,0.400,3639.01,0.250,3629.80,0.374,3639.39,0.348,3629.43,0.240,3639.76,0.292,3629.04,0.248,3640.15,0.373,3628.65,0.383,3640.54,0.272
1757800412.4631987,3634.10,0.775,3635.13,0.757,3633.73,0.390,3635.49,0.253,3633.36,0.285,3635.89,0.341,3632.95,0.424,3636.25,0.418,3632.56,0.235,3636.65,0.283,3632.15,0.328,3637.06,0.355,3631.75,0.255,3637.45,0.370,3631.34,0.279,3637.84,0.301,3630.96,0.380,3638.23,0.362,3630.57,0.232,3638.62,0.296,3630.18,0.400,3639.01,0.329,3629.80,0.374,3639.39,0.333,3629.43,0.240,3639.78,0.359,3629.04,0.248,3640.15,0.275,3628.65,0.383,3640.52,0.371
1757800412.5598361,3634.10,0.553,3635.13,0.757,3633.73,0.316,3635.49,0.253,3633.32,0.368,3635.89,0.341,3632.95,0.418,3636.25,0.418,3632.54,0.336,3636.65,0.283,3632.13,0.313,3637.06,0.355,3631.74,0.320,3637.45,0.370,3631.35,0.243,3637.84,0.301,3630.96,0.300,3638.23,0.362,3630.57,0.267,3638.62,0.296,3630.18,0.236,3639.01,0.329,3629.80,0.399,3639.39,0.333,3629.41,0.299,3639.78,0.359,3629.04,0.255,3640.15,0.275,3628.67,0.331,3640.52,0.371
1757800414.660781,3634.10,0.553,3635.13,0.713,3633.73,0.316,3635.49,0.364,3633.32,0.368,3635.89,0.235,3632.95,0.418,3636.28,0.416,3632.54,0.336,3636.67,0.366,3632.13,0.313,3637.07,0.258,3631.74,0.320,3637.44,0.397,3631.35,0.243,3637.85,0.418,3630.96,0.300,3638.24,0.237,3630.57,0.267,3638.64,0.420,3630.18,0.236,3639.02,0.333,3629.80,0.399,3639.41,0.407,3629.41,0.299,3639.80,0.373,3629.04,0.255,3640.21,0.275,3628.67,0.331,3640.62,0.307
1757800414.761204,3634.10,0.575,3635.13,0.713,3633.73,0.295,3635.49,0.364,3633.32,0.376,3635.89,0.235,3632.92,0.333,3636.28,0.416,3632.52,0.319,3636.67,0.366,3632.12,0.330,3637.07,0.258,3631.75,0.398,3637.44,0.397,3631.34,0.364,3637.85,0.418,3630.95,0.338,3638.24,0.237,3630.55,0.288,3638.64,0.420,3630.17,0.391,3639.02,0.333,3629.78,0.302,3639.41,0.407,3629.39,0.240,3639.80,0.373,3628.98,0.242,3640.21,0.275,3628.57,0.262,3640.62,0.307
1757800416.8620107,3634.10,0.575,3635.13,1.287,3633.73,0.295,3635.49,0.782,3633.32,0.376,3635.85,0.329,3632.92,0.333,3635.89,0.235,3632.52,0.319,3636.23,0.394,3632.12,0.330,3636.28,0.416,3631.75,0.398,3636.62,0.334,3631.34,0.364,3636.67,0.366,3630.95,0.338,3637.01,0.351,3630.55,0.288,3637.07,0.258,3630.17,0.391,3637.42,0.422,3629.78,0.302,3637.44,0.397,3629.39,0.240,3637.79,0.297,3628.98,0.242,3637.85,0.418,3628.57,0.262,3638.19,0.348
1757800417.4071906,3634.10,0.575,3635.13,0.574,3633.73,0.295,3635.49,0.418,3633.32,0.376,3635.85,0.329,3632.92,0.333,3636.23,0.394,3632.52,0.319,3636.62,0.334,3632.12,0.330,3637.01,0.351,3631.75,0.398,3637.42,0.422,3631.34,0.364,3637.79,0.297,3630.95,0.338,3638.19,0.348,3630.55,0.288,3638.58,0.281,3630.17,0.391,3638.99,0.354,3629.78,0.302,3639.39,0.241,3629.39,0.240,3639.77,0.318,3628.98,0.242,3640.18,0.333,3628.57,0.262,3640.58,0.256
1757800417.4077148,3634.10,0.735,3635.13,0.574,3633.73,0.352,3635.49,0.418,3633.36,0.287,3635.85,0.329,3632.97,0.273,3636.23,0.394,3632.57,0.427,3636.62,0.334,3632.18,0.261,3637.01,0.351,3631.77,0.259,3637.42,0.422,3631.40,0.310,3637.79,0.297,3631.00,0.372,3638.19,0.348,3630.61,0.240,3638.58,0.281,3630.20,0.241,3638.99,0.354,3629.80,0.408,3639.39,0.241,3629.42,0.356,3639.77,0.318,3629.01,0.311,3640.18,0.333,3628.61,0.256,3640.58,0.256
1757800419.693282,3634.10,0.735,3635.13,0.732,3633.73,0.352,3635.49,0.322,3633.36,0.287,3635.89,0.345,3632.97,0.273,3636.25,0.375,3632.57,0.427,3636.64,0.297,3632.18,0.261,3637.03,0.417,3631.77,0.259,3637.40,0.277,3631.40,0.310,3637.79,0.300,3631.00,0.372,3638.17,0.365,3630.61,0.240,3638.58,0.252,3630.20,0.241,3638.99,0.268,3629.80,0.408,3639.37,0.422,3629.42,0.356,3639.76,0.329,3629.01,0.311,3640.17,0.414,3628.61,0.256,3640.54,0.310
1757800419.694342,3634.10,0.462,3635.13,0.732,3633.73,0.366,3635.49,0.322,3633.32,0.294,3635.89,0.345,3632.95,0.394,3636.25,0.375,3632.55,0.336,3636.64,0.297,3632.16,0.405,3637.03,0.417,3631.79,0.285,3637.40,0.277,3631.40,0.322,3637.79,0.300,3631.02,0.383,3638.17,0.365,3630.61,0.384,3638.58,0.252,3630.20,0.288,3638.99,0.268,3629.82,0.408,3639.37,0.422,3629.43,0.265,3639.76,0.329,3629.02,0.414,3640.17,0.414,3628.65,0.325,3640.54,0.310
1757800421.7647204,3634.10,0.462,3635.13,0.850,3633.73,0.366,3635.49,0.363,3633.32,0.294,3635.86,0.234,3632.95,0.394,3636.25,0.426,3632.55,0.336,3636.63,0.269,3632.16,0.405,3637.01,0.333,3631.79,0.285,3637.41,0.327,3631.40,0.322,3637.81,0.371,3631.02,0.383,3638.22,0.256,3630.61,0.384,3638.62,0.400,3630.20,0.288,3639.02,0.231,3629.82,0.408,3639.39,0.275,3629.43,0.265,3639.78,0.364,3629.02,0.414,3640.16,0.348,3628.65,0.325,3640.54,0.380
1757800421.9666193,3634.10,0.684,3635.13,0.850,3633.73,0.357,3635.49,0.363,3633.35,0.321,3635.86,0.234,3632.95,0.326,3636.25,0.426,3632.56,0.315,3636.63,0.269,3632.18,0.283,3637.01,0.333,3631.78,0.410,3637.41,0.327,3631.38,0.414,3637.81,0.371,3630.97,0.425,3638.22,0.256,3630.57,0.415,3638.62,0.400,3630.17,0.404,3639.02,0.231,3629.80,0.346,3639.39,0.275,3629.41,0.267,3639.78,0.364,3629.03,0.374,3640.16,0.348,3628.65,0.396,3640.54,0.380
1757800424.1713836,3634.10,0.684,3635.13,0.827,3633.73,0.357,3635.49,0.379,3633.35,0.321,3635.86,0.272,3632.95,0.326,3636.22,0.409,3632.56,0.315,3636.60,0.394,3632.18,0.283,3636.99,0.273,3631.78,0.410,3637.39,0.382,3631.38,0.414,3637.79,0.390,3630.97,0.425,3638.16,0.263,3630.57,0.415,3638.57,0.351,3630.17,0.404,3638.96,0.378,3629.80,0.346,3639.33,0.424,3629.41,0.267,3639.73,0.242,3629.03,0.374,3640.12,0.372,3628.65,0.396,3640.50,0.400
1757800424.2621336,3634.10,0.781,3635.13,0.827,3633.73,0.250,3635.49,0.379,3633.35,0.421,3635.86,0.272,3632.98,0.244,3636.22,0.409,3632.59,0.354,3636.60,0.394,3632.20,0.356,3636.99,0.273,3631.80,0.246,3637.39,0.382,3631.40,0.359,3637.79,0.390,3631.03,0.343,3638.16,0.263,3630.62,0.257,3638.57,0.351,3630.23,0.296,3638.96,0.378,3629.86,0.330,3639.33,0.424,3629.46,0.370,3639.73,0.242,3629.07,0.309,3640.12,0.372,3628.69,0.344,3640.50,0.400
1757800426.3673081,3634.10,0.781,3635.13,0.787,3633.73,0.250,3635.49,0.358,3633.35,0.421,3635.89,0.395,3632.98,0.244,3636.26,0.250,3632.59,0.354,3636.62,0.410,3632.20,0.356,3636.99,0.291,3631.80,0.246,3637.40,0.271,3631.40,0.359,3637.77,0.392,3631.03,0.343,3638.18,0.362,3630.62,0.257,3638.59,0.274,3630.23,0.296,3639.00,0.258,3629.86,0.330,3639.38,0.427,3629.46,0.370,3639.78,0.246,3629.07,0.309,3640.19,0.300,3628.69,0.344,3640.56,0.345
1757800426.4599462,3634.10,0.598,3635.13,0.787,3633.73,0.243,3635.49,0.358,3633.32,0.335,3635.89,0.395,3632.94,0.346,3636.26,0.250,3632.57,0.317,3636.62,0.410,3632.20,0.330,3636.99,0.291,3631.79,0.290,3637.40,0.271,3631.42,0.295,3637.77,0.392,3631.01,0.395,3638.18,0.362,3630.60,0.237,3638.59,0.274,3630.19,0.276,3639.00,0.258,3629.81,0.401,3639.38,0.427,3629.41,0.412,3639.78,0.246,3629.00,0.286,3640.19,0.300,3628.63,0.249,3640.56,0.345
1757800428.660177,3634.10,0.598,3635.13,0.535,3633.73,0.243,3635.49,0.310,3633.32,0.335,3635.87,0.401,3632.94,0.346,3636.25,0.263,3632.57,0.317,3636.65,0.338,3632.20,0.330,3637.06,0.323,3631.79,0.290,3637.44,0.237,3631.42,0.295,3637.84,0.313,3631.01,0.395,3638.23,0.407,3630.60,0.237,3638.62,0.265,3630.19,0.276,3638.99,0.241,3629.81,0.401,3639.38,0.309,3629.41,0.412,3639.78,0.254,3629.00,0.286,3640.18,0.392,3628.63,0.249,3640.57,0.277
1757800428.7604277,3634.10,0.757,3635.13,0.535,3633.73,0.313,3635.49,0.310,3633.34,0.370,3635.87,0.401,3632.95,0.329,3636.25,0.263,3632.54,0.370,3636.65,0.338,3632.13,0.248,3637.06,0.323,3631.75,0.293,3637.44,0.237,3631.35,0.317,3637.84,0.313,3630.96,0.417,3638.23,0.407,3630.57,0.329,3638.62,0.265,3630.20,0.314,3638.99,0.241,3629.81,0.235,3639.38,0.309,3629.41,0.239,3639.78,0.254,3629.01,0.256,3640.18,0.392,3628.62,0.420,3640.57,0.277
1757800430.9630945,3634.10,1.514,3635.13,0.537,3633.73,0.646,3635.49,0.263,3633.34,0.370,3635.88,0.422,3633.33,0.323,3636.27,0.250,3632.95,0.329,3636.67,0.353,3632.93,0.371,3637.07,0.313,3632.54,0.370,3637.45,0.352,3632.52,0.238,3637.82,0.275,3632.13,0.248,3638.19,0.310,3632.12,0.388,3638.57,0.233,3631.75,0.293,3638.94,0.283,3631.74,0.348,3639.31,0.275,3631.37,0.296,3639.68,0.415,3631.35,0.317,3640.05,0.320,3631.00,0.247,3640.44,0.296
1757800431.0750027,3634.10,0.757,3635.13,0.537,3633.73,0.333,3635.49,0.263,3633.33,0.323,3635.88,0.422,3632.93,0.371,3636.27,0.250,3632.52,0.238,3636.67,0.353,3632.12,0.388,3637.07,0.313,3631.74,0.348,3637.45,0.352,3631.37,0.296,3637.82,0.275,3631.00,0.247,3638.19,0.310,3630.62,0.410,3638.57,0.233,3630.25,0.327,3638.94,0.283,3629.88,0.362,3639.31,0.275,3629.51,0.394,3639.68,0.415,3629.14,0.404,3640.05,0.320,3628.75,0.327,3640.44,0.296
1757800433.1612358,3634.10,0.757,3635.13,0.704,3633.73,0.333,3635.49,0.352,3633.33,0.323,3635.88,0.273,3632.93,0.371,3636.24,0.284,3632.52,0.238,3636.62,0.292,3632.12,0.388,3637.01,0.238,3631.74,0.348,3637.38,0.426,3631.37,0.296,3637.75,0.301,3631.00,0.247,3638.12,0.352,3630.62,0.410,3638.51,0.380,3630.25,0.327,3638.89,0.423,3629.88,0.362,3639.28,0.369,3629.51,0.394,3639.66,0.247,3629.14,0.404,3640.06,0.386,3628.75,0.327,3640.44,0.312
1757800433.2664535,3634.10,0.815,3635.13,0.704,3633.73,0.374,3635.49,0.352,3633.33,0.352,3635.88,0.273,3632.96,0.297,3636.24,0.284,3632.57,0.272,3636.62,0.292,3632.18,0.256,3637.01,0.238,3631.81,0.253,3637.38,0.426,3631.44,0.379,3637.75,0.301,3631.07,0.395,3638.12,0.352,3630.68,0.270,3638.51,0.380,3630.30,0.339,3638.89,0.423,3629.91,0.426,3639.28,0.369,3629.53,0.272,3639.66,0.247,3629.13,0.261,3640.06,0.386,3628.75,0.262,3640.44,0.312
1757800435.3606122,3634.10,0.815,3635.13,0.507,3633.73,0.374,3635.49,0.322,3633.33,0.352,3635.87,0.402,3632.96,0.297,3636.24,0.241,3632.57,0.272,3636.61,0.347,3632.18,0.256,3637.02,0.241,3631.81,0.253,3637.43,0.352,3631.44,0.379,3637.84,0.389,3631.07,0.395,3638.24,0.406,3630.68,0.270,3638.64,0.261,3630.30,0.339,3639.01,0.259,3629.91,0.426,3639.40,0.363,3629.53,0.272,3639.79,0.261,3629.13,0.261,3640.17,0.354,3628.75,0.262,3640.58,0.315
1757800435.4604616,3634.10,0.476,3635.13,0.507,3633.73,0.309,3635.49,0.322,3633.34,0.262,3635.87,0.402,3632.96,0.300,3636.24,0.241,3632.58,0.259,3636.61,0.347,3632.17,0.281,3637.02,0.241,3631.76,0.325,3637.43,0.352,3631.35,0.405,3637.84,0.389,3630.95,0.386,3638.24,0.406,3630.55,0.377,3638.64,0.261,3630.18,0.363,3639.01,0.259,3629.79,0.395,3639.40,0.363,3629.40,0.426,3639.79,0.261,3629.02,0.323,3640.17,0.354,3628.61,0.391,3640.58,0.315
1757800437.6603131,3634.10,1.098,3635.13,0.846,3633.73,0.583,3635.49,0.353,3633.34,0.262,3635.89,0.411,3633.32,0.352,3636.27,0.395,3632.96,0.300,3636.65,0.384,3632.93,0.327,3637.03,0.350,3632.58,0.259,3637.43,0.238,3632.54,0.243,3637.82,0.409,3632.17,0.281,3638.21,0.276,3632.16,0.392,3638.61,0.348,3631.76,0.722,3638.98,0.267,3631.37,0.262,3639.36,0.351,3631.35,0.405,3639.74,0.426,3630.98,0.412,3640.14,0.396,3630.95,0.386,3640.54,0.378
1757800437.7646198,3634.10,0.622,3635.13,0.846,3633.73,0.274,3635.49,0.353,3633.32,0.352,3635.89,0.411,3632.93,0.327,3636.27,0.395,3632.54,0.243,3636.65,0.384,3632.16,0.392,3637.03,0.350,3631.76,0.397,3637.43,0.238,3631.37,0.262,3637.82,0.409,3630.98,0.412,3638.21,0.276,3630.58,0.419,3638.61,0.348,3630.21,0.253,3638.98,0.267,3629.83,0.419,3639.36,0.351,3629.45,0.330,3639.74,0.426,3629.05,0.397,3640.14,0.396,3628.65,0.306,3640.54,0.378
1757800439.8669133,3634.10,1.385,3635.13,0.495,3633.73,0.528,3635.49,0.413,3633.32,0.765,3635.89,0.290,3632.94,0.336,3636.26,0.249,3632.93,0.327,3636.66,0.412,3632.54,0.243,3637.03,0.248,3632.53,0.255,3637.42,0.252,3632.16,0.774,3637.81,0.263,3631.77,0.427,3638.20,0.398,3631.76,0.397,3638.59,0.299,3631.38,0.232,3638.96,0.312,3631.37,0.262,3639.33,0.368,3630.99,0.254,3639.72,0.285,3630.98,0.412,3640.10,0.364,3630.60,0.326,3640.51,0.374
1757800439.961106,3634.10,0.763,3635.13,0.495,3633.73,0.254,3635.49,0.413,3633.32,0.413,3635.89,0.290,3632.94,0.336,3636.26,0.249,3632.53,0.255,3636.66,0.412,3632.16,0.382,3637.03,0.248,3631.77,0.427,3637.42,0.252,3631.38,0.232,3637.81,0.263,3630.99,0.254,3638.20,0.398,3630.60,0.326,3638.59,0.299,3630.23,0.362,3638.96,0.312,3629.86,0.379,3639.33,0.368,3629.47,0.333,3639.72,0.285,3629.09,0.409,3640.10,0.364,3628.68,0.335,3640.51,0.374
1757800442.0612202,3634.10,0.763,3635.13,0.726,3633.73,0.254,3635.49,0.267,3633.32,0.413,3635.87,0.311,3632.94,0.336,3636.23,0.271,3632.53,0.255,3636.61,0.264,3632.16,0.382,3637.02,0.285,3631.77,0.427,3637.39,0.287,3631.38,0.232,3637.80,0.337,3630.99,0.254,3638.21,0.349,3630.60,0.326,3638.60,0.290,3630.23,0.362,3639.01,0.332,3629.86,0.379,3639.41,0.296,3629.47,0.333,3639.79,0.350,3629.09,0.409,3640.18,0.280,3628.68,0.335,3640.58,0.377
1757800442.161798,3634.10,0.720,3635.13,0.726,3633.73,0.233,3635.49,0.267,3633.34,0.310,3635.87,0.311,3632.97,0.325,3636.23,0.271,3632.58,0.278,3636.61,0.264,3632.17,0.284,3637.02,0.285,3631.80,0.278,3637.39,0.287,3631.39,0.329,3637.80,0.337,3630.98,0.272,3638.21,0.349,3630.59,0.319,3638.60,0.290,3630.18,0.405,3639.01,0.332,3629.78,0.347,3639.41,0.296,3629.40,0.342,3639.79,0.350,3629.01,0.400,3640.18,0.280,3628.61,0.258,3640.58,0.377
1757800444.26111,3634.10,0.720,3635.13,0.736,3633.73,0.233,3635.49,0.279,3633.34,0.310,3635.85,0.375,3632.97,0.325,3636.24,0.336,3632.58,0.278,3636.63,0.252,3632.17,0.284,3637.00,0.250,3631.80,0.278,3637.39,0.332,3631.39,0.329,3637.79,0.293,3630.98,0.272,3638.19,0.291,3630.59,0.319,3638.59,0.243,3630.18,0.405,3638.98,0.271,3629.78,0.347,3639.39,0.321,3629.40,0.342,3639.80,0.235,3629.01,0.400,3640.18,0.305,3628.61,0.258,3640.56,0.305
1757800444.360493,3634.10,0.817,3635.13,0.736,3633.73,0.343,3635.49,0.279,3633.36,0.299,3635.85,0.375,3632.96,0.390,3636.24,0.336,3632.56,0.357,3636.63,0.252,3632.19,0.243,3637.00,0.250,3631.80,0.315,3637.39,0.332,3631.40,0.295,3637.79,0.293,3631.00,0.331,3638.19,0.291,3630.60,0.289,3638.59,0.243,3630.21,0.422,3638.98,0.271,3629.80,0.285,3639.39,0.321,3629.39,0.250,3639.80,0.235,3629.01,0.339,3640.18,0.305,3628.63,0.257,3640.56,0.305
1757800446.5639572,3634.10,0.817,3635.13,0.846,3633.73,0.343,3635.49,0.427,3633.36,0.299,3635.89,0.363,3632.96,0.390,3636.27,0.262,3632.56,0.357,3636.66,0.326,3632.19,0.243,3637.06,0.396,3631.80,0.315,3637.43,0.307,3631.40,0.295,3637.80,0.394,3631.00,0.331,3638.17,0.275,3630.60,0.289,3638.55,0.289,3630.21,0.422,3638.96,0.314,3629.80,0.285,3639.33,0.428,3629.39,0.250,3639.71,0.406,3629.01,0.339,3640.10,0.282,3628.63,0.257,3640.47,0.360
1757800446.6613107,3634.10,0.831,3635.13,0.846,3633.73,0.369,3635.49,0.427,3633.32,0.304,3635.89,0.363,3632.93,0.238,3636.27,0.262,3632.53,0.332,3636.66,0.326,3632.13,0.274,3637.06,0.396,3631.76,0.317,3637.43,0.307,3631.39,0.264,3637.80,0.394,3631.02,0.262,3638.17,0.275,3630.64,0.296,3638.55,0.289,3630.23,0.262,3638.96,0.314,3629.86,0.251,3639.33,0.428,3629.48,0.360,3639.71,0.406,3629.09,0.418,3640.10,0.282,3628.72,0.345,3640.47,0.360
1757800448.762718,3634.10,0.831,3635.13,1.589,3633.73,0.369,3635.49,0.687,3633.32,0.304,3635.86,0.292,3632.93,0.238,3635.89,0.363,3632.53,0.332,3636.22,0.398,3632.13,0.274,3636.27,0.262,3631.76,0.317,3636.60,0.273,3631.39,0.264,3636.66,0.326,3631.02,0.262,3636.97,0.382,3630.64,0.296,3637.06,0.396,3630.23,0.262,3637.38,0.333,3629.86,0.251,3637.43,0.307,3629.48,0.360,3637.79,0.329,3629.09,0.418,3637.80,0.394,3628.72,0.345,3638.17,0.676
1757800448.8659625,3634.10,0.831,3635.13,0.743,3633.73,0.369,3635.49,0.260,3633.32,0.304,3635.86,0.292,3632.93,0.238,3636.22,0.398,3632.53,0.332,3636.60,0.273,3632.13,0.274,3636.97,0.382,3631.76,0.317,3637.38,0.333,3631.39,0.264,3637.79,0.329,3631.02,0.262,3638.17,0.401,3630.64,0.296,3638.58,0.393,3630.23,0.262,3638.95,0.393,3629.86,0.251,3639.35,0.267,3629.48,0.360,3639.72,0.314,3629.09,0.418,3640.09,0.279,3628.72,0.345,3640.46,0.370
1757800449.0629947,3634.10,0.577,3635.13,0.743,3633.73,0.298,3635.49,0.260,3633.35,0.313,3635.86,0.292,3632.98,0.247,3636.22,0.398,3632.59,0.246,3636.60,0.273,3632.22,0.283,3636.97,0.382,3631.81,0.266,3637.38,0.333,3631.40,0.394,3637.79,0.329,3631.02,0.357,3638.17,0.401,3630.61,0.277,3638.58,0.393,3630.24,0.312,3638.95,0.393,3629.84,0.232,3639.35,0.267,3629.47,0.298,3639.72,0.314,3629.10,0.329,3640.09,0.279,3628.73,0.272,3640.46,0.370
1757800451.1632173,3634.10,0.577,3635.13,1.329,3633.73,0.298,3635.49,0.552,3633.35,0.313,3635.86,0.545,3632.98,0.247,3636.22,0.398,3632.59,0.246,3636.25,0.241,3632.22,0.283,3636.60,0.273,3631.81,0.266,3636.61,0.413,3631.40,0.394,3636.97,0.382,3631.02,0.357,3637.02,0.280,3630.61,0.277,3637.38,0.333,3630.24,0.312,3637.41,0.267,3629.84,0.232,3637.79,0.329,3629.47,0.298,3637.80,0.410,3629.10,0.329,3638.17,0.748,3628.73,0.272,3638.58,0.738
1757800451.2658417,3634.10,0.577,3635.13,0.586,3633.73,0.298,3635.49,0.292,3633.35,0.313,3635.86,0.253,3632.98,0.247,3636.25,0.241,3632.59,0.246,3636.61,0.413,3632.22,0.283,3637.02,0.280,3631.81,0.266,3637.41,0.267,3631.40,0.394,3637.80,0.410,3631.02,0.357,3638.17,0.347,3630.61,0.277,3638.58,0.345,3630.24,0.312,3638.95,0.315,3629.84,0.232,3639.33,0.407,3629.47,0.298,3639.70,0.249,3629.10,0.329,3640.08,0.364,3628.73,0.272,3640.46,0.402
1757800451.4612405,3634.10,0.512,3635.13,0.586,3633.73,0.285,3635.49,0.292,3633.35,0.290,3635.86,0.253,3632.95,0.391,3636.25,0.241,3632.58,0.371,3636.61,0.413,3632.17,0.406,3637.02,0.280,3631.78,0.359,3637.41,0.267,3631.39,0.360,3637.80,0.410,3631.02,0.377,3638.17,0.347,3630.61,0.293,3638.58,0.345,3630.24,0.240,3638.95,0.315,3629.86,0.344,3639.33,0.407,3629.49,0.333,3639.70,0.249,3629.11,0.268,3640.08,0.364,3628.73,0.338,3640.46,0.402
1757800453.5610173,3634.10,0.512,3635.13,0.571,3633.73,0.285,3635.49,0.283,3633.35,0.290,3635.85,0.267,3632.95,0.391,3636.24,0.352,3632.58,0.371,3636.64,0.388,3632.17,0.406,3637.01,0.239,3631.78,0.359,3637.39,0.412,3631.39,0.360,3637.79,0.387,3631.02,0.377,3638.17,0.417,3630.61,0.293,3638.58,0.386,3630.24,0.240,3638.97,0.413,3629.86,0.344,3639.36,0.338,3629.49,0.333,3639.74,0.281,3629.11,0.268,3640.14,0.389,3628.73,0.338,3640.53,0.261
1757800453.6627042,3634.10,0.604,3635.13,0.571,3633.73,0.331,3635.49,0.283,3633.36,0.388,3635.85,0.267,3632.96,0.298,3636.24,0.352,3632.55,0.290,3636.64,0.388,3632.18,0.359,3637.01,0.239,3631.80,0.363,3637.39,0.412,3631.40,0.365,3637.79,0.387,3631.02,0.396,3638.17,0.417,3630.61,0.422,3638.58,0.386,3630.22,0.281,3638.97,0.413,3629.83,0.363,3639.36,0.338,3629.45,0.289,3639.74,0.281,3629.05,0.307,3640.14,0.389,3628.66,0.406,3640.53,0.261
1757800455.8622477,3634.10,0.604,3635.13,0.507,3633.73,0.331,3635.49,0.330,3633.36,0.388,3635.87,0.308,3632.96,0.298,3636.23,0.373,3632.55,0.290,3636.63,0.397,3632.18,0.359,3637.02,0.302,3631.80,0.363,3637.40,0.265,3631.40,0.365,3637.79,0.242,3631.02,0.396,3638.18,0.355,3630.61,0.422,3638.57,0.366,3630.22,0.281,3638.94,0.360,3629.83,0.363,3639.31,0.413,3629.45,0.289,3639.71,0.400,3629.05,0.307,3640.08,0.269,3628.66,0.406,3640.49,0.385
1757800455.964574,3634.10,0.524,3635.13,0.507,3633.73,0.250,3635.49,0.330,3633.34,0.352,3635.87,0.308,3632.97,0.272,3636.23,0.373,3632.56,0.323,3636.63,0.397,3632.17,0.412,3637.02,0.302,3631.79,0.329,3637.40,0.265,3631.40,0.391,3637.79,0.242,3631.01,0.426,3638.18,0.355,3630.62,0.385,3638.57,0.366,3630.25,0.365,3638.94,0.360,3629.88,0.379,3639.31,0.413,3629.48,0.375,3639.71,0.400,3629.11,0.315,3640.08,0.269,3628.70,0.299,3640.49,0.385
1757800458.1618648,3634.10,0.524,3635.13,0.827,3633.73,0.250,3635.49,0.290,3633.34,0.352,3635.85,0.332,3632.97,0.272,3636.21,0.309,3632.56,0.323,3636.59,0.300,3632.17,0.412,3636.98,0.384,3631.79,0.329,3637.37,0.422,3631.40,0.391,3637.78,0.273,3631.01,0.426,3638.19,0.348,3630.62,0.385,3638.60,0.250,3630.25,0.365,3638.97,0.366,3629.88,0.379,3639.34,0.346,3629.48,0.375,3639.73,0.263,3629.11,0.315,3640.11,0.425,3628.70,0.299,3640.52,0.348
1757800458.261191,3634.10,0.730,3635.13,0.827,3633.73,0.428,3635.49,0.290,3633.36,0.291,3635.85,0.332,3632.99,0.416,3636.21,0.309,3632.60,0.329,3636.59,0.300,3632.21,0.366,3636.98,0.384,3631.82,0.317,3637.37,0.422,3631.41,0.232,3637.78,0.273,3631.00,0.305,3638.19,0.348,3630.59,0.344,3638.60,0.250,3630.22,0.314,3638.97,0.366,3629.85,0.375,3639.34,0.346,3629.46,0.361,3639.73,0.263,3629.08,0.323,3640.11,0.425,3628.67,0.341,3640.52,0.348
1757800460.4675734,3634.10,0.730,3635.13,0.779,3633.73,0.428,3635.49,0.414,3633.36,0.291,3635.85,0.390,3632.99,0.416,3636.25,0.296,3632.60,0.329,3636.65,0.321,3632.21,0.366,3637.06,0.344,3631.82,0.317,3637.46,0.252,3631.41,0.232,3637.83,0.301,3631.00,0.305,3638.21,0.394,3630.59,0.344,3638.58,0.332,3630.22,0.314,3638.97,0.375,3629.85,0.375,3639.37,0.339,3629.46,0.361,3639.76,0.238,3629.08,0.323,3640.15,0.310,3628.67,0.341,3640.55,0.415
1757800460.562716,3634.10,0.647,3635.13,0.779,3633.73,0.356,3635.49,0.414,3633.36,0.303,3635.85,0.390,3632.95,0.270,3636.25,0.296,3632.54,0.276,3636.65,0.321,3632.13,0.236,3637.06,0.344,3631.73,0.402,3637.46,0.252,3631.36,0.257,3637.83,0.301,3630.98,0.422,3638.21,0.394,3630.61,0.427,3638.58,0.332,3630.22,0.298,3638.97,0.375,3629.82,0.359,3639.37,0.339,3629.43,0.378,3639.76,0.238,3629.04,0.413,3640.15,0.310,3628.64,0.294,3640.55,0.415
1757800462.7687922,3634.10,0.647,3635.13,0.663,3633.73,0.356,3635.49,0.257,3633.36,0.303,3635.85,0.317,3632.95,0.270,3636.24,0.387,3632.54,0.276,3636.62,0.307,3632.13,0.236,3637.02,0.262,3631.73,0.402,3637.42,0.391,3631.36,0.257,3637.79,0.246,3630.98,0.422,3638.19,0.234,3630.61,0.427,3638.59,0.348,3630.22,0.298,3638.97,0.325,3629.82,0.359,3639.37,0.326,3629.43,0.378,3639.77,0.262,3629.04,0.413,3640.14,0.297,3628.64,0.294,3640.51,0.316
1757800462.8682954,3634.10,0.525,3635.13,0.663,3633.73,0.291,3635.49,0.257,3633.36,0.413,3635.85,0.317,3632.96,0.397,3636.24,0.387,3632.57,0.261,3636.62,0.307,3632.17,0.270,3637.02,0.262,3631.77,0.299,3637.42,0.391,3631.40,0.393,3637.79,0.246,3631.00,0.401,3638.19,0.234,3630.60,0.377,3638.59,0.348,3630.22,0.409,3638.97,0.325,3629.82,0.283,3639.37,0.326,3629.42,0.386,3639.77,0.262,3629.05,0.424,3640.14,0.297,3628.68,0.288,3640.51,0.316
1757800465.061372,3634.10,0.525,3635.13,0.662,3633.73,0.291,3635.49,0.357,3633.36,0.413,3635.86,0.362,3632.96,0.397,3636.25,0.412,3632.57,0.261,3636.61,0.261,3632.17,0.270,3636.99,0.297,3631.77,0.299,3637.40,0.326,3631.40,0.393,3637.77,0.309,3631.00,0.401,3638.18,0.326,3630.60,0.377,3638.58,0.257,3630.22,0.409,3638.98,0.258,3629.82,0.283,3639.37,0.308,3629.42,0.386,3639.74,0.231,3629.05,0.424,3640.14,0.399,3628.68,0.288,3640.55,0.264
1757800465.159387,3634.10,0.808,3635.13,0.662,3633.73,0.361,3635.49,0.357,3633.35,0.350,3635.86,0.362,3632.95,0.311,3636.25,0.412,3632.58,0.378,3636.61,0.261,3632.20,0.296,3636.99,0.297,3631.79,0.396,3637.40,0.326,3631.42,0.349,3637.77,0.309,3631.01,0.274,3638.18,0.326,3630.61,0.231,3638.58,0.257,3630.21,0.330,3638.98,0.258,3629.82,0.346,3639.37,0.308,3629.45,0.275,3639.74,0.231,3629.05,0.400,3640.14,0.399,3628.64,0.389,3640.55,0.264
1757800467.2628064,3634.10,0.808,3635.13,0.719,3633.73,0.361,3635.49,0.308,3633.35,0.350,3635.88,0.371,3632.95,0.311,3636.28,0.351,3632.58,0.378,3636.67,0.412,3632.20,0.296,3637.05,0.409,3631.79,0.396,3637.42,0.378,3631.42,0.349,3637.79,0.363,3631.01,0.274,3638.18,0.413,3630.61,0.231,3638.58,0.338,3630.21,0.330,3638.98,0.244,3629.82,0.346,3639.38,0.285,3629.45,0.275,3639.77,0.377,3629.05,0.400,3640.15,0.283,3628.64,0.389,3640.52,0.243
1757800467.3632188,3634.10,0.653,3635.13,0.719,3633.73,0.270,3635.49,0.308,3633.33,0.256,3635.88,0.371,3632.92,0.361,3636.28,0.351,3632.52,0.415,3636.67,0.412,3632.14,0.427,3637.05,0.409,3631.77,0.422,3637.42,0.378,3631.40,0.276,3637.79,0.363,3631.01,0.310,3638.18,0.413,3630.61,0.320,3638.58,0.338,3630.21,0.386,3638.98,0.244,3629.81,0.324,3639.38,0.285,3629.42,0.313,3639.77,0.377,3629.04,0.270,3640.15,0.283,3628.67,0.368,3640.52,0.243
1757800469.4614105,3634.10,0.653,3635.13,0.776,3633.73,0.270,3635.49,0.284,3633.33,0.256,3635.89,0.246,3632.92,0.361,3636.26,0.285,3632.52,0.415,3636.64,0.273,3632.14,0.427,3637.02,0.396,3631.77,0.422,3637.42,0.402,3631.40,0.276,3637.81,0.351,3631.01,0.310,3638.18,0.307,3630.61,0.320,3638.56,0.391,3630.21,0.386,3638.93,0.355,3629.81,0.324,3639.33,0.349,3629.42,0.313,3639.71,0.242,3629.04,0.270,3640.11,0.260,3628.67,0.368,3640.50,0.269
1757800469.5633383,3634.10,0.747,3635.13,0.776,3633.73,0.384,3635.49,0.284,3633.32,0.339,3635.89,0.246,3632.94,0.406,3636.26,0.285,3632.55,0.425,3636.64,0.273,3632.17,0.422,3637.02,0.396,3631.77,0.412,3637.42,0.402,3631.38,0.357,3637.81,0.351,3631.01,0.424,3638.18,0.307,3630.63,0.308,3638.56,0.391,3630.26,0.249,3638.93,0.355,3629.86,0.343,3639.33,0.349,3629.48,0.399,3639.71,0.242,3629.08,0.389,3640.11,0.260,3628.69,0.301,3640.50,0.269
1757800471.7633855,3634.10,0.747,3635.13,0.493,3633.73,0.384,3635.49,0.372,3633.32,0.339,3635.85,0.409,3632.94,0.406,3636.25,0.323,3632.55,0.425,3636.64,0.322,3632.17,0.422,3637.02,0.417,3631.77,0.412,3637.41,0.395,3631.38,0.357,3637.81,0.233,3631.01,0.424,3638.22,0.325,3630.63,0.308,3638.63,0.359,3630.26,0.249,3639.04,0.412,3629.86,0.343,3639.41,0.416,3629.48,0.399,3639.80,0.373,3629.08,0.389,3640.20,0.302,3628.69,0.301,3640.61,0.258
1757800471.8650897,3634.10,0.644,3635.13,0.493,3633.73,0.279,3635.49,0.372,3633.36,0.369,3635.85,0.409,3632.95,0.380,3636.25,0.323,3632.55,0.263,3636.64,0.322,3632.17,0.234,3637.02,0.417,3631.78,0.349,3637.41,0.395,3631.38,0.265,3637.81,0.233,3630.97,0.399,3638.22,0.325,3630.56,0.247,3638.63,0.359,3630.15,0.291,3639.04,0.412,3629.78,0.344,3639.41,0.416,3629.39,0.373,3639.80,0.373,3628.99,0.337,3640.20,0.302,3628.58,0.382,3640.61,0.258
1757800474.0639765,3634.10,0.644,3635.13,0.738,3633.73,0.279,3635.49,0.358,3633.36,0.369,3635.85,0.327,3632.95,0.380,3636.25,0.290,3632.55,0.263,3636.62,0.363,3632.17,0.234,3636.99,0.358,3631.78,0.349,3637.38,0.411,3631.38,0.265,3637.77,0.326,3630.97,0.399,3638.18,0.288,3630.56,0.247,3638.59,0.310,3630.15,0.291,3638.96,0.263,3629.78,0.344,3639.37,0.364,3629.39,0.373,3639.75,0.382,3628.99,0.337,3640.15,0.264,3628.58,0.382,3640.53,0.388
1757800474.1664584,3634.10,0.722,3635.13,0.738,3633.73,0.338,3635.49,0.358,3633.36,0.250,3635.85,0.327,3632.95,0.307,3636.25,0.290,3632.57,0.418,3636.62,0.363,3632.20,0.344,3636.99,0.358,3631.81,0.291,3637.38,0.411,3631.42,0.238,3637.77,0.326,3631.01,0.359,3638.18,0.288,3630.60,0.339,3638.59,0.310,3630.23,0.280,3638.96,0.263,3629.82,0.289,3639.37,0.364,3629.44,0.364,3639.75,0.382,3629.04,0.264,3640.15,0.264,3628.66,0.330,3640.53,0.388
1757800476.263103,3634.10,0.722,3635.13,1.271,3633.73,0.338,3635.49,0.630,3633.36,0.250,3635.85,0.327,3632.95,0.307,3635.89,0.301,3632.57,0.418,3636.25,0.568,3632.20,0.344,3636.62,0.363,3631.81,0.291,3636.65,0.246,3631.42,0.238,3636.99,0.358,3631.01,0.359,3637.05,0.349,3630.60,0.339,3637.38,0.411,3630.23,0.280,3637.45,0.282,3629.82,0.289,3637.77,0.326,3629.44,0.364,3637.85,0.418,3629.04,0.264,3638.18,0.288,3628.66,0.330,3638.23,0.286
1757800476.3603299,3634.10,0.722,3635.13,0.533,3633.73,0.338,3635.49,0.272,3633.36,0.250,3635.89,0.301,3632.95,0.307,3636.25,0.278,3632.57,0.418,3636.65,0.246,3632.20,0.344,3637.05,0.349,3631.81,0.291,3637.45,0.282,3631.42,0.238,3637.85,0.418,3631.01,0.359,3638.23,0.286,3630.60,0.339,3638.63,0.334,3630.23,0.280,3639.01,0.391,3629.82,0.289,3639.42,0.426,3629.44,0.364,3639.83,0.238,3629.04,0.264,3640.20,0.383,3628.66,0.330,3640.60,0.335
1757800476.4605002,3634.10,0.524,3635.13,0.533,3633.73,0.308,3635.49,0.272,3633.32,0.339,3635.89,0.301,3632.95,0.373,3636.25,0.278,3632.54,0.385,3636.65,0.246,3632.14,0.344,3637.05,0.349,3631.74,0.350,3637.45,0.282,3631.34,0.309,3637.85,0.418,3630.96,0.378,3638.23,0.286,3630.56,0.427,3638.63,0.334,3630.18,0.348,3639.01,0.391,3629.77,0.309,3639.42,0.426,3629.36,0.379,3639.83,0.238,3628.99,0.282,3640.20,0.383,3628.59,0.255,3640.60,0.335
1757800478.5608022,3633.80,0.760,3635.13,0.533,3633.43,0.259,3635.49,0.272,3633.03,0.292,3635.89,0.301,3632.66,0.292,3636.25,0.278,3632.25,0.294,3636.65,0.246,3631.84,0.274,3637.05,0.349,3631.45,0.421,3637.45,0.282,3631.04,0.238,3637.85,0.418,3630.64,0.263,3638.23,0.286,3630.26,0.338,3638.63,0.334,3629.86,0.239,3639.01,0.391,3629.48,0.285,3639.42,0.426,3629.09,0.356,3639.83,0.238,3628.71,0.255,3640.20,0.383,3628.31,0.264,3640.60,0.335
1757800478.6605182,3633.80,0.760,3634.83,0.764,3633.43,0.259,3635.19,0.303,3633.03,0.292,3635.58,0.296,3632.66,0.292,3635.94,0.261,3632.25,0.294,3636.34,0.364,3631.84,0.274,3636.74,0.265,3631.45,0.421,3637.13,0.345,3631.04,0.238,3637.54,0.232,3630.64,0.263,3637.94,0.320,3630.26,0.338,3638.32,0.324,3629.86,0.239,3638.72,0.304,3629.48,0.285,3639.10,0.402,3629.09,0.356,3639.49,0.356,3628.71,0.255,3639.87,0.343,3628.31,0.264,3640.27,0.248
1757800480.7620392,3633.80,0.760,3634.83,1.557,3633.43,0.259,3635.19,0.729,3633.03,0.292,3635.58,0.668,3632.66,0.292,3635.94,0.565,3632.25,0.294,3636.32,0.394,3631.84,0.274,3636.34,0.364,3631.45,0.421,3636.72,0.260,3631.04,0.238,3636.74,0.265,3630.64,0.263,3637.13,0.665,3630.26,0.338,3637.53,0.381,3629.86,0.239,3637.54,0.232,3629.48,0.285,3637.91,0.240,3629.09,0.356,3637.94,0.320,3628.71,0.255,3638.30,0.376,3628.31,0.264,3638.32,0.324
1757800480.8611934,3633.80,0.760,3634.83,0.793,3633.43,0.259,3635.19,0.426,3633.03,0.292,3635.58,0.372,3632.66,0.292,3635.94,0.304,3632.25,0.294,3636.32,0.394,3631.84,0.274,3636.72,0.260,3631.45,0.421,3637.13,0.320,3631.04,0.238,3637.53,0.381,3630.64,0.263,3637.91,0.240,3630.26,0.338,3638.30,0.376,3629.86,0.239,3638.71,0.424,3629.48,0.285,3639.10,0.349,3629.09,0.356,3639.50,0.272,3628.71,0.255,3639.90,0.288,3628.31,0.264,3640.28,0.426
1757800480.9591937,3633.80,0.531,3634.83,0.793,3633.43,0.311,3635.19,0.426,3633.03,0.299,3635.58,0.372,3632.66,0.260,3635.94,0.304,3632.27,0.369,3636.32,0.394,3631.86,0.390,3636.72,0.260,3631.45,0.371,3637.13,0.320,3631.05,0.232,3637.53,0.381,3630.67,0.405,3637.91,0.240,3630.28,0.264,3638.30,0.376,3629.87,0.378,3638.71,0.424,3629.48,0.409,3639.10,0.349,3629.08,0.322,3639.50,0.272,3628.68,0.243,3639.90,0.288,3628.30,0.378,3640.28,0.426
1757800483.1614149,3633.80,0.531,3634.83,0.777,3633.43,0.311,3635.19,0.341,3633.03,0.299,3635.58,0.242,3632.66,0.260,3635.94,0.367,3632.27,0.369,3636.31,0.322,3631.86,0.390,3636.69,0.366,3631.45,0.371,3637.09,0.333,3631.05,0.232,3637.46,0.271,3630.67,0.405,3637.85,0.327,3630.28,0.264,3638.26,0.238,3629.87,0.378,3638.63,0.306,3629.48,0.409,3639.01,0.251,3629.08,0.322,3639.38,0.277,3628.68,0.243,3639.77,0.301,3628.30,0.378,3640.17,0.377
1757800483.3633862,3633.80,0.675,3634.83,0.777,3633.43,0.267,3635.19,0.341,3633.03,0.342,3635.58,0.242,3632.66,0.240,3635.94,0.367,3632.28,0.372,3636.31,0.322,3631.89,0.270,3636.69,0.366,3631.49,0.365,3637.09,0.333,3631.12,0.422,3637.46,0.271,3630.73,0.329,3637.85,0.327,3630.32,0.282,3638.26,0.238,3629.95,0.342,3638.63,0.306,3629.57,0.425,3639.01,0.251,3629.20,0.355,3639.38,0.277,3628.81,0.378,3639.77,0.301,3628.41,0.360,3640.17,0.377
1757800485.5603971,3633.79,0.619,3634.83,0.777,3633.42,0.292,3635.19,0.341,3633.05,0.245,3635.58,0.242,3632.66,0.235,3635.94,0.367,3632.29,0.371,3636.31,0.322,3631.88,0.232,3636.69,0.366,3631.47,0.325,3637.09,0.333,3631.07,0.348,3637.46,0.271,3630.70,0.273,3637.85,0.327,3630.29,0.422,3638.26,0.238,3629.92,0.393,3638.63,0.306,3629.53,0.354,3639.01,0.251,3629.12,0.347,3639.38,0.277,3628.73,0.240,3639.77,0.301,3628.32,0.397,3640.17,0.377
1757800485.859364,3633.79,0.619,3634.82,0.671,3633.42,0.292,3635.18,0.328,3633.05,0.245,3635.54,0.427,3632.66,0.235,3635.92,0.405,3632.29,0.371,3636.28,0.279,3631.88,0.232,3636.68,0.374,3631.47,0.325,3637.09,0.264,3631.07,0.348,3637.49,0.296,3630.70,0.273,3637.86,0.358,3630.29,0.422,3638.27,0.239,3629.92,0.393,3638.64,0.420,3629.53,0.354,3639.03,0.254,3629.12,0.347,3639.44,0.343,3628.73,0.240,3639.83,0.252,3628.32,0.397,3640.24,0.240
1757800488.160686,3633.79,0.619,3634.82,0.718,3633.42,0.292,3635.18,0.288,3633.05,0.245,3635.58,0.314,3632.66,0.235,3635.97,0.233,3632.29,0.371,3636.36,0.356,3631.88,0.232,3636.72,0.369,3631.47,0.325,3637.11,0.361,3631.07,0.348,3637.52,0.373,3630.70,0.273,3637.89,0.315,3630.29,0.422,3638.30,0.357,3629.92,0.393,3638.68,0.314,3629.53,0.354,3639.08,0.368,3629.12,0.347,3639.49,0.233,3628.73,0.240,3639.88,0.301,3628.32,0.397,3640.29,0.338
1757800488.3627136,3633.79,0.508,3634.82,0.718,3633.42,0.363,3635.18,0.288,3633.01,0.415,3635.58,0.314,3632.61,0.393,3635.97,0.233,3632.21,0.329,3636.36,0.356,3631.84,0.412,3636.72,0.369,3631.45,0.390,3637.11,0.361,3631.04,0.260,3637.52,0.373,3630.67,0.354,3637.89,0.315,3630.26,0.360,3638.30,0.357,3629.88,0.312,3638.68,0.314,3629.48,0.340,3639.08,0.368,3629.07,0.365,3639.49,0.233,3628.68,0.275,3639.88,0.301,3628.27,0.271,3640.29,0.338
1757800490.7617328,3633.79,0.508,3634.82,0.660,3633.42,0.363,3635.18,0.425,3633.01,0.415,3635.58,0.260,3632.61,0.393,3635.97,0.310,3632.21,0.329,3636.33,0.339,3631.84,0.412,3636.69,0.389,3631.45,0.390,3637.08,0.234,3631.04,0.260,3637.47,0.369,3630.67,0.354,3637.87,0.374,3630.26,0.360,3638.28,0.283,3629.88,0.312,3638.67,0.274,3629.48,0.340,3639.08,0.348,3629.07,0.365,3639.45,0.255,3628.68,0.275,3639.86,0.290,3628.27,0.271,3640.25,0.400
1757800490.9605746,3633.79,0.754,3634.82,0.660,3633.42,0.254,3635.18,0.425,3633.01,0.336,3635.58,0.260,3632.61,0.231,3635.97,0.310,3632.24,0.424,3636.33,0.339,3631.87,0.274,3636.69,0.389,3631.48,0.381,3637.08,0.234,3631.09,0.260,3637.47,0.369,3630.69,0.267,3637.87,0.374,3630.28,0.253,3638.28,0.283,3629.89,0.251,3638.67,0.274,3629.48,0.397,3639.08,0.348,3629.11,0.275,3639.45,0.255,3628.70,0.255,3639.86,0.290,3628.31,0.428,3640.25,0.400
1757800493.2633598,3633.79,0.754,3634.82,0.801,3633.42,0.254,3635.18,0.421,3633.01,0.336,3635.56,0.258,3632.61,0.231,3635.94,0.355,3632.24,0.424,3636.32,0.412,3631.87,0.274,3636.71,0.368,3631.48,0.381,3637.09,0.414,3631.09,0.260,3637.50,0.355,3630.69,0.267,3637.91,0.309,3630.28,0.253,3638.30,0.338,3629.89,0.251,3638.70,0.306,3629.48,0.397,3639.09,0.343,3629.11,0.275,3639.49,0.330,3628.70,0.255,3639.86,0.412,3628.31,0.428,3640.27,0.427
1757800493.4642017,3633.79,0.575,3634.82,0.801,3633.42,0.277,3635.18,0.421,3633.03,0.363,3635.56,0.258,3632.64,0.374,3635.94,0.355,3632.25,0.251,3636.32,0.412,3631.85,0.410,3636.71,0.368,3631.47,0.328,3637.09,0.414,3631.06,0.294,3637.50,0.355,3630.65,0.250,3637.91,0.309,3630.26,0.319,3638.30,0.338,3629.86,0.273,3638.70,0.306,3629.47,0.349,3639.09,0.343,3629.07,0.388,3639.49,0.330,3628.70,0.394,3639.86,0.412,3628.29,0.375,3640.27,0.427
1757800495.5611932,3633.79,0.575,3634.82,0.698,3633.42,0.277,3635.18,0.338,3633.03,0.363,3635.56,0.350,3632.64,0.374,3635.93,0.255,3632.25,0.251,3636.33,0.377,3631.85,0.410,3636.73,0.281,3631.47,0.328,3637.13,0.331,3631.06,0.294,3637.53,0.425,3630.65,0.250,3637.90,0.410,3630.26,0.319,3638.28,0.252,3629.86,0.273,3638.65,0.298,3629.47,0.349,3639.05,0.276,3629.07,0.388,3639.45,0.341,3628.70,0.394,3639.85,0.267,3628.29,0.375,3640.24,0.407
1757800495.6597595,3633.79,0.611,3634.82,0.698,3633.42,0.234,3635.18,0.338,3633.03,0.411,3635.56,0.350,3632.65,0.321,3635.93,0.255,3632.24,0.387,3636.33,0.377,3631.83,0.332,3636.73,0.281,3631.43,0.386,3637.13,0.331,3631.03,0.287,3637.53,0.425,3630.66,0.311,3637.90,0.410,3630.28,0.252,3638.28,0.252,3629.91,0.251,3638.65,0.298,3629.51,0.374,3639.05,0.276,3629.11,0.251,3639.45,0.341,3628.71,0.428,3639.85,0.267,3628.32,0.343,3640.24,0.407
1757800497.7618678,3633.79,0.611,3634.82,0.477,3633.42,0.234,3635.18,0.296,3633.03,0.411,3635.54,0.353,3632.65,0.321,3635.92,0.344,3632.24,0.387,3636.31,0.426,3631.83,0.332,3636.67,0.288,3631.43,0.386,3637.06,0.337,3631.03,0.287,3637.45,0.329,3630.66,0.311,3637.86,0.249,3630.28,0.252,3638.26,0.385,3629.91,0.251,3638.67,0.404,3629.51,0.374,3639.07,0.350,3629.11,0.251,3639.47,0.385,3628.71,0.428,3639.86,0.366,3628.32,0.343,3640.25,0.277
1757800497.8610117,3633.79,0.694,3634.82,0.477,3633.42,0.415,3635.18,0.296,3633.05,0.369,3635.54,0.353,3632.66,0.426,3635.92,0.344,3632.26,0.425,3636.31,0.426,3631.89,0.295,3636.67,0.288,3631.50,0.234,3637.06,0.337,3631.11,0.384,3637.45,0.329,3630.70,0.270,3637.86,0.249,3630.30,0.293,3638.26,0.385,3629.89,0.391,3638.67,0.404,3629.49,0.386,3639.07,0.350,3629.09,0.276,3639.47,0.385,3628.70,0.273,3639.86,0.366,3628.31,0.419,3640.25,0.277
1757800499.9611528,3633.79,0.694,3634.82,0.494,3633.42,0.415,3635.18,0.232,3633.05,0.369,3635.56,0.264,3632.66,0.426,3635.96,0.415,3632.26,0.425,3636.35,0.403,3631.89,0.295,3636.72,0.241,3631.50,0.234,3637.13,0.268,3631.11,0.384,3637.52,0.267,3630.70,0.270,3637.90,0.237,3630.30,0.293,3638.29,0.397,3629.89,0.391,3638.68,0.265,3629.49,0.386,3639.07,0.369,3629.09,0.276,3639.48,0.244,3628.70,0.273,3639.85,0.346,3628.31,0.419,3640.24,0.410
1757800500.0601783,3633.79,0.567,3634.82,0.494,3633.42,0.281,3635.18,0.232,3633.03,0.410,3635.56,0.264,3632.62,0.243,3635.96,0.415,3632.22,0.248,3636.35,0.403,3631.84,0.241,3636.72,0.241,3631.43,0.272,3637.13,0.268,3631.04,0.415,3637.52,0.267,3630.66,0.278,3637.90,0.237,3630.27,0.299,3638.29,0.397,3629.88,0.253,3638.68,0.265,3629.49,0.248,3639.07,0.369,3629.08,0.384,3639.48,0.244,3628.71,0.422,3639.85,0.346,3628.32,0.305,3640.24,0.410
1757800502.3704882,3633.79,0.567,3634.82,0.747,3633.42,0.281,3635.18,0.261,3633.03,0.410,3635.58,0.392,3632.62,0.243,3635.95,0.293,3632.22,0.248,3636.32,0.396,3631.84,0.241,3636.70,0.368,3631.43,0.272,3637.08,0.377,3631.04,0.415,3637.47,0.326,3630.66,0.278,3637.85,0.317,3630.27,0.299,3638.24,0.283,3629.88,0.253,3638.61,0.337,3629.49,0.248,3639.02,0.304,3629.08,0.384,3639.42,0.291,3628.71,0.422,3639.80,0.260,3628.32,0.305,3640.19,0.356
1757800502.560184,3633.79,0.799,3634.82,0.747,3633.42,0.282,3635.18,0.261,3633.01,0.367,3635.58,0.392,3632.63,0.426,3635.95,0.293,3632.25,0.364,3636.32,0.396,3631.86,0.244,3636.70,0.368,3631.48,0.238,3637.08,0.377,3631.09,0.234,3637.47,0.326,3630.71,0.367,3637.85,0.317,3630.32,0.318,3638.24,0.283,3629.95,0.422,3638.61,0.337,3629.54,0.409,3639.02,0.304,3629.14,0.286,3639.42,0.291,3628.76,0.339,3639.80,0.260,3628.37,0.396,3640.19,0.356
1757800504.7628753,3633.79,0.799,3634.82,0.533,3633.42,0.282,3635.18,0.313,3633.01,0.367,3635.54,0.275,3632.63,0.426,3635.94,0.290,3632.25,0.364,3636.34,0.407,3631.86,0.244,3636.72,0.257,3631.48,0.238,3637.09,0.288,3631.09,0.234,3637.47,0.351,3630.71,0.367,3637.86,0.348,3630.32,0.318,3638.23,0.363,3629.95,0.422,3638.62,0.303,3629.54,0.409,3639.03,0.353,3629.14,0.286,3639.40,0.405,3628.76,0.339,3639.81,0.426,3628.37,0.396,3640.20,0.361
1757800504.960252,3633.79,0.640,3634.82,0.533,3633.42,0.372,3635.18,0.313,3633.05,0.367,3635.54,0.275,3632.64,0.343,3635.94,0.290,3632.23,0.256,3636.34,0.407,3631.84,0.377,3636.72,0.257,3631.47,0.304,3637.09,0.288,3631.09,0.237,3637.47,0.351,3630.70,0.420,3637.86,0.348,3630.33,0.373,3638.23,0.363,3629.94,0.350,3638.62,0.303,3629.53,0.388,3639.03,0.353,3629.16,0.257,3639.40,0.405,3628.75,0.327,3639.81,0.426,3628.36,0.419,3640.20,0.361
1757800507.361264,3633.79,0.640,3634.82,0.522,3633.42,0.372,3635.18,0.248,3633.05,0.367,3635.57,0.317,3632.64,0.343,3635.93,0.416,3632.23,0.256,3636.32,0.235,3631.84,0.377,3636.69,0.328,3631.47,0.304,3637.08,0.342,3631.09,0.237,3637.48,0.235,3630.70,0.420,3637.89,0.280,3630.33,0.373,3638.28,0.326,3629.94,0.350,3638.65,0.242,3629.53,0.388,3639.02,0.288,3629.16,0.257,3639.41,0.373,3628.75,0.327,3639.80,0.304,3628.36,0.419,3640.17,0.316
1757800507.5617926,3633.79,1.224,3634.82,0.522,3633.42,0.611,3635.18,0.248,3633.05,0.367,3635.57,0.317,3633.02,0.253,3635.93,0.416,3632.65,0.243,3636.32,0.235,3632.64,0.343,3636.69,0.328,3632.25,0.422,3637.08,0.342,3632.23,0.256,3637.48,0.235,3631.87,0.425,3637.89,0.280,3631.84,0.377,3638.28,0.326,3631.48,0.294,3638.65,0.242,3631.47,0.304,3639.02,0.288,3631.09,0.237,3639.41,0.373,3631.08,0.336,3639.80,0.304,3630.70,0.420,3640.17,0.316
1757800507.6632195,3633.79,0.584,3634.82,0.522,3633.42,0.239,3635.18,0.248,3633.02,0.253,3635.57,0.317,3632.65,0.243,3635.93,0.416,3632.25,0.422,3636.32,0.235,3631.87,0.425,3636.69,0.328,3631.48,0.294,3637.08,0.342,3631.08,0.336,3637.48,0.235,3630.67,0.396,3637.89,0.280,3630.28,0.249,3638.28,0.326,3629.91,0.327,3638.65,0.242,3629.54,0.406,3639.02,0.288,3629.15,0.281,3639.41,0.373,3628.76,0.309,3639.80,0.304,3628.39,0.414,3640.17,0.316
1757800509.7599049,3633.79,0.584,3634.82,0.512,3633.42,0.239,3635.18,0.322,3633.02,0.253,3635.58,0.380,3632.65,0.243,3635.94,0.261,3632.25,0.422,3636.30,0.268,3631.87,0.425,3636.70,0.423,3631.48,0.294,3637.11,0.315,3631.08,0.336,3637.48,0.371,3630.67,0.396,3637.87,0.320,3630.28,0.249,3638.28,0.343,3629.91,0.327,3638.66,0.236,3629.54,0.406,3639.05,0.322,3629.15,0.281,3639.44,0.245,3628.76,0.309,3639.84,0.393,3628.39,0.414,3640.25,0.408
1757800509.8652172,3633.79,0.768,3634.82,0.512,3633.42,0.371,3635.18,0.322,3633.01,0.243,3635.58,0.380,3632.64,0.255,3635.94,0.261,3632.27,0.411,3636.30,0.268,3631.86,0.245,3636.70,0.423,3631.45,0.329,3637.11,0.315,3631.08,0.388,3637.48,0.371,3630.69,0.428,3637.87,0.320,3630.28,0.399,3638.28,0.343,3629.90,0.265,3638.66,0.236,3629.51,0.428,3639.05,0.322,3629.12,0.267,3639.44,0.245,3628.72,0.344,3639.84,0.393,3628.31,0.335,3640.25,0.408
1757800511.961213,3633.79,0.768,3634.82,0.472,3633.42,0.371,3635.18,0.313,3633.01,0.243,3635.56,0.293,3632.64,0.255,3635.93,0.277,3632.27,0.411,3636.29,0.235,3631.86,0.245,3636.66,0.322,3631.45,0.329,3637.04,0.284,3631.08,0.388,3637.43,0.266,3630.69,0.428,3637.80,0.232,3630.28,0.399,3638.19,0.241,3629.90,0.265,3638.56,0.243,3629.51,0.428,3638.95,0.365,3629.12,0.267,3639.35,0.342,3628.72,0.344,3639.73,0.346,3628.31,0.335,3640.14,0.293
1757800512.0608299,3633.79,0.490,3634.82,0.472,3633.42,0.312,3635.18,0.313,3633.03,0.425,3635.56,0.293,3632.65,0.258,3635.93,0.277,3632.28,0.299,3636.29,0.235,3631.90,0.357,3636.66,0.322,3631.52,0.276,3637.04,0.284,3631.13,0.345,3637.43,0.266,3630.76,0.373,3637.80,0.232,3630.37,0.426,3638.19,0.241,3630.00,0.368,3638.56,0.243,3629.61,0.399,3638.95,0.365,3629.21,0.324,3639.35,0.342,3628.83,0.399,3639.73,0.346,3628.42,0.399,3640.14,0.293
1757800514.563336,3633.79,0.490,3634.82,0.809,3633.42,0.312,3635.18,0.404,3633.03,0.425,3635.56,0.277,3632.65,0.258,3635.96,0.290,3632.28,0.299,3636.34,0.415,3631.90,0.357,3636.71,0.264,3631.52,0.276,3637.12,0.383,3631.13,0.345,3637.50,0.293,3630.76,0.373,3637.90,0.293,3630.37,0.426,3638.27,0.384,3630.00,0.368,3638.67,0.297,3629.61,0.399,3639.04,0.398,3629.21,0.324,3639.44,0.409,3628.83,0.399,3639.81,0.400,3628.42,0.399,3640.19,0.281
1757800514.661173,3633.79,0.485,3634.82,0.809,3633.42,0.258,3635.18,0.404,3633.03,0.367,3635.56,0.277,3632.62,0.386,3635.96,0.290,3632.23,0.372,3636.34,0.415,3631.85,0.372,3636.71,0.264,3631.44,0.336,3637.12,0.383,3631.06,0.424,3637.50,0.293,3630.66,0.336,3637.90,0.293,3630.29,0.242,3638.27,0.384,3629.89,0.361,3638.67,0.297,3629.52,0.266,3639.04,0.398,3629.12,0.396,3639.44,0.409,3628.75,0.339,3639.81,0.400,3628.37,0.420,3640.19,0.281
1757800516.960824,3633.79,0.485,3634.82,0.734,3633.42,0.258,3635.18,0.301,3633.03,0.367,3635.58,0.244,3632.62,0.386,3635.94,0.264,3632.23,0.372,3636.30,0.245,3631.85,0.372,3636.69,0.280,3631.44,0.336,3637.08,0.250,3631.06,0.424,3637.46,0.411,3630.66,0.336,3637.87,0.354,3630.29,0.242,3638.25,0.266,3629.89,0.361,3638.63,0.264,3629.52,0.266,3639.01,0.277,3629.12,0.396,3639.42,0.257,3628.75,0.339,3639.83,0.378,3628.37,0.420,3640.20,0.361
1757800517.3627458,3633.79,0.598,3634.82,0.734,3633.42,0.402,3635.18,0.301,3633.01,0.248,3635.58,0.244,3632.64,0.262,3635.94,0.264,3632.27,0.376,3636.30,0.245,3631.87,0.416,3636.69,0.280,3631.48,0.412,3637.08,0.250,3631.10,0.416,3637.46,0.411,3630.69,0.360,3637.87,0.354,3630.31,0.335,3638.25,0.266,3629.93,0.370,3638.63,0.264,3629.55,0.254,3639.01,0.277,3629.14,0.248,3639.42,0.257,3628.73,0.299,3639.83,0.378,3628.36,0.352,3640.20,0.361
1757800639.4907892,3633.79,0.607,3634.82,0.633,3633.42,0.358,3635.18,0.364,3633.02,0.298,3635.57,0.371,3632.62,0.281,3635.96,0.366,3632.22,0.373,3636.35,0.374,3631.82,0.391,3636.74,0.243,3631.42,0.314,3637.14,0.313,3631.03,0.398,3637.53,0.263,3630.63,0.377,3637.93,0.270,3630.23,0.330,3638.33,0.416,3629.83,0.335,3638.73,0.293,3629.43,0.369,3639.13,0.369,3629.06,0.332,3639.50,0.243,3628.66,0.344,3639.90,0.371,3628.25,0.288,3640.31,0.348
1757800640.7550535,3633.79,0.607,3634.82,1.366,3633.42,0.358,3635.18,0.721,3633.02,0.298,3635.56,0.247,3632.62,0.281,3635.57,0.371,3632.22,0.373,3635.95,0.274,3631.82,0.391,3635.96,0.366,3631.42,0.314,3636.35,0.740,3631.03,0.398,3636.73,0.371,3630.63,0.377,3636.74,0.243,3630.23,0.330,3637.10,0.331,3629.83,0.335,3637.14,0.313,3629.43,0.369,3637.47,0.307,3629.06,0.332,3637.53,0.263,3628.66,0.344,3637.87,0.377,3628.25,0.288,3637.93,0.270
1757800640.8575497,3633.79,0.607,3634.82,0.733,3633.42,0.358,3635.18,0.357,3633.02,0.298,3635.56,0.247,3632.62,0.281,3635.95,0.274,3632.22,0.373,3636.35,0.366,3631.82,0.391,3636.73,0.371,3631.42,0.314,3637.10,0.331,3631.03,0.398,3637.47,0.307,3630.63,0.377,3637.87,0.377,3630.23,0.330,3638.27,0.281,3629.83,0.335,3638.64,0.251,3629.43,0.369,3639.02,0.296,3629.06,0.332,3639.42,0.343,3628.66,0.344,3639.83,0.375,3628.25,0.288,3640.21,0.311
1757800641.0560427,3633.79,0.475,3634.82,0.733,3633.42,0.406,3635.18,0.357,3633.03,0.377,3635.56,0.247,3632.63,0.393,3635.95,0.274,3632.22,0.386,3636.35,0.366,3631.83,0.273,3636.73,0.371,3631.46,0.247,3637.10,0.331,3631.09,0.271,3637.47,0.307,3630.69,0.276,3637.87,0.377,3630.29,0.272,3638.27,0.281,3629.92,0.313,3638.64,0.251,3629.54,0.353,3639.02,0.296,3629.14,0.294,3639.42,0.343,3628.73,0.279,3639.83,0.375,3628.35,0.259,3640.21,0.311
1757800643.3615143,3633.79,0.475,3634.82,0.464,3633.42,0.406,3635.18,0.341,3633.03,0.377,3635.56,0.314,3632.63,0.393,3635.96,0.366,3632.22,0.386,3636.35,0.320,3631.83,0.273,3636.71,0.316,3631.46,0.247,3637.12,0.305,3631.09,0.271,3637.53,0.359,3630.69,0.276,3637.93,0.324,3630.29,0.272,3638.31,0.401,3629.92,0.313,3638.69,0.393,3629.54,0.353,3639.07,0.375,3629.14,0.294,3639.44,0.383,3628.73,0.279,3639.81,0.319,3628.35,0.259,3640.21,0.256
1757800643.5589092,3633.79,0.741,3634.82,0.464,3633.42,0.303,3635.18,0.341,3633.03,0.244,3635.56,0.314,3632.62,0.343,3635.96,0.366,3632.22,0.346,3636.35,0.320,3631.85,0.422,3636.71,0.316,3631.44,0.418,3637.12,0.305,3631.03,0.408,3637.53,0.359,3630.63,0.400,3637.93,0.324,3630.25,0.382,3638.31,0.401,3629.87,0.279,3638.69,0.393,3629.49,0.242,3639.07,0.375,3629.12,0.399,3639.44,0.383,3628.75,0.304,3639.81,0.319,3628.35,0.298,3640.21,0.256
1757800645.872434,3633.79,0.741,3634.82,0.734,3633.42,0.303,3635.18,0.280,3633.03,0.244,3635.54,0.259,3632.62,0.343,3635.92,0.243,3632.22,0.346,3636.28,0.267,3631.85,0.422,3636.68,0.317,3631.44,0.418,3637.08,0.245,3631.03,0.408,3637.45,0.253,3630.63,0.400,3637.86,0.250,3630.25,0.382,3638.25,0.262,3629.87,0.279,3638.63,0.395,3629.49,0.242,3639.00,0.350,3629.12,0.399,3639.40,0.373,3628.75,0.304,3639.77,0.246,3628.35,0.298,3640.16,0.380
1757800646.164628,3633.79,0.609,3634.82,0.734,3633.42,0.265,3635.18,0.280,3633.05,0.280,3635.54,0.259,3632.66,0.406,3635.92,0.243,3632.29,0.414,3636.28,0.267,3631.88,0.390,3636.68,0.317,3631.48,0.319,3637.08,0.245,3631.11,0.232,3637.45,0.253,3630.70,0.408,3637.86,0.250,3630.31,0.296,3638.25,0.262,3629.93,0.306,3638.63,0.395,3629.56,0.363,3639.00,0.350,3629.16,0.294,3639.40,0.373,3628.79,0.386,3639.77,0.246,3628.40,0.352,3640.16,0.380
1757800648.3590746,3633.79,0.609,3634.82,0.562,3633.42,0.265,3635.18,0.409,3633.05,0.280,3635.54,0.344,3632.66,0.406,3635.94,0.365,3632.29,0.414,3636.34,0.299,3631.88,0.390,3636.70,0.278,3631.48,0.319,3637.10,0.298,3631.11,0.232,3637.49,0.293,3630.70,0.408,3637.89,0.278,3630.31,0.296,3638.29,0.410,3629.93,0.306,3638.66,0.345,3629.56,0.363,3639.03,0.358,3629.16,0.294,3639.41,0.397,3628.79,0.386,3639.82,0.339,3628.40,0.352,3640.22,0.260
1757800648.4594169,3633.79,1.210,3634.82,0.562,3633.42,0.573,3635.18,0.409,3633.05,0.594,3635.54,0.344,3632.66,0.406,3635.94,0.365,3632.64,0.315,3636.34,0.299,3632.29,0.414,3636.70,0.278,3632.23,0.397,3637.10,0.298,3631.88,0.390,3637.49,0.293,3631.86,0.283,3637.89,0.278,3631.48,0.319,3638.29,0.410,3631.46,0.255,3638.66,0.345,3631.11,0.232,3639.03,0.358,3631.07,0.235,3639.41,0.397,3630.70,0.408,3639.82,0.339,3630.67,0.264,3640.22,0.260
1757800648.5578513,3633.79,0.601,3634.82,0.562,3633.42,0.308,3635.18,0.409,3633.05,0.314,3635.54,0.344,3632.64,0.315,3635.94,0.365,3632.23,0.397,3636.34,0.299,3631.86,0.283,3636.70,0.278,3631.46,0.255,3637.10,0.298,3631.07,0.235,3637.49,0.293,3630.67,0.264,3637.89,0.278,3630.27,0.328,3638.29,0.410,3629.90,0.391,3638.66,0.345,3629.53,0.366,3639.03,0.358,3629.15,0.312,3639.41,0.397,3628.74,0.275,3639.82,0.339,3628.34,0.377,3640.22,0.260
1757800650.664565,3633.79,0.601,3634.82,1.324,3633.42,0.308,3635.18,0.811,3633.05,0.314,3635.54,0.344,3632.64,0.315,3635.58,0.250,3632.23,0.397,3635.94,0.705,3631.86,0.283,3636.31,0.420,3631.46,0.255,3636.34,0.299,3631.07,0.235,3636.70,0.278,3630.67,0.264,3636.71,0.413,3630.27,0.328,3637.10,0.623,3629.90,0.391,3637.47,0.346,3629.53,0.366,3637.49,0.293,3629.15,0.312,3637.87,0.253,3628.74,0.275,3637.89,0.278,3628.34,0.377,3638.28,0.269
1757800650.7607079,3633.79,0.601,3634.82,0.762,3633.42,0.308,3635.18,0.402,3633.05,0.314,3635.58,0.250,3632.64,0.315,3635.94,0.340,3632.23,0.397,3636.31,0.420,3631.86,0.283,3636.71,0.413,3631.46,0.255,3637.10,0.325,3631.07,0.235,3637.47,0.346,3630.67,0.264,3637.87,0.253,3630.27,0.328,3638.28,0.269,3629.90,0.391,3638.67,0.318,3629.53,0.366,3639.07,0.314,3629.15,0.312,3639.48,0.267,3628.74,0.275,3639.89,0.371,3628.34,0.377,3640.26,0.356
1757800650.8676891,3633.79,0.480,3634.82,0.762,3633.42,0.332,3635.18,0.402,3633.01,0.330,3635.58,0.250,3632.64,0.256,3635.94,0.340,3632.26,0.251,3636.31,0.420,3631.85,0.341,3636.71,0.413,3631.46,0.287,3637.10,0.325,3631.09,0.428,3637.47,0.346,3630.69,0.320,3637.87,0.253,3630.28,0.331,3638.28,0.269,3629.89,0.281,3638.67,0.318,3629.49,0.384,3639.07,0.314,3629.08,0.257,3639.48,0.267,3628.67,0.342,3639.89,0.371,3628.30,0.322,3640.26,0.356
1757800653.0729923,3633.79,0.480,3634.82,0.774,3633.42,0.332,3635.18,0.355,3633.01,0.330,3635.55,0.234,3632.64,0.256,3635.92,0.308,3632.26,0.251,3636.29,0.245,3631.85,0.341,3636.69,0.428,3631.46,0.287,3637.08,0.333,3631.09,0.428,3637.49,0.395,3630.69,0.320,3637.89,0.287,3630.28,0.331,3638.30,0.237,3629.89,0.281,3638.71,0.267,3629.49,0.384,3639.12,0.235,3629.08,0.257,3639.49,0.317,3628.67,0.342,3639.87,0.389,3628.30,0.322,3640.27,0.408
1757800653.1714041,3633.79,1.297,3634.82,0.774,3633.42,0.752,3635.18,0.355,3633.04,0.408,3635.55,0.234,3633.01,0.330,3635.92,0.308,3632.66,0.350,3636.29,0.245,3632.64,0.256,3636.69,0.428,3632.28,0.275,3637.08,0.333,3632.26,0.251,3637.49,0.395,3631.87,0.268,3637.89,0.287,3631.85,0.341,3638.30,0.237,3631.48,0.339,3638.71,0.267,3631.46,0.287,3639.12,0.235,3631.09,0.428,3639.49,0.317,3631.07,0.338,3639.87,0.389,3630.69,0.320,3640.27,0.408
1757800653.2629285,3633.79,0.817,3634.82,0.774,3633.42,0.420,3635.18,0.355,3633.04,0.408,3635.55,0.234,3632.66,0.350,3635.92,0.308,3632.28,0.275,3636.29,0.245,3631.87,0.268,3636.69,0.428,3631.48,0.339,3637.08,0.333,3631.07,0.338,3637.49,0.395,3630.67,0.293,3637.89,0.287,3630.26,0.334,3638.30,0.237,3629.85,0.334,3638.71,0.267,3629.44,0.336,3639.12,0.235,3629.07,0.415,3639.49,0.317,3628.69,0.407,3639.87,0.389,3628.29,0.236,3640.27,0.408
1757800655.3645096,3633.79,0.817,3634.82,0.474,3633.42,0.420,3635.18,0.394,3633.04,0.408,3635.55,0.396,3632.66,0.350,3635.95,0.377,3632.28,0.275,3636.35,0.280,3631.87,0.268,3636.73,0.352,3631.48,0.339,3637.11,0.277,3631.07,0.338,3637.48,0.253,3630.67,0.293,3637.86,0.404,3630.26,0.334,3638.23,0.279,3629.85,0.334,3638.61,0.352,3629.44,0.336,3639.00,0.240,3629.07,0.415,3639.40,0.261,3628.69,0.407,3639.80,0.392,3628.29,0.236,3640.21,0.246
1757800655.4656,3633.79,0.774,3634.82,0.474,3633.42,0.306,3635.18,0.394,3633.04,0.287,3635.55,0.396,3632.63,0.292,3635.95,0.377,3632.22,0.274,3636.35,0.280,3631.83,0.388,3636.73,0.352,3631.45,0.327,3637.11,0.277,3631.08,0.324,3637.48,0.253,3630.70,0.421,3637.86,0.404,3630.33,0.326,3638.23,0.279,3629.95,0.276,3638.61,0.352,3629.56,0.364,3639.00,0.240,3629.16,0.352,3639.40,0.261,3628.76,0.387,3639.80,0.392,3628.35,0.401,3640.21,0.246
1757800657.6678045,3633.79,0.774,3634.82,0.476,3633.42,0.306,3635.18,0.327,3633.04,0.287,3635.55,0.350,3632.63,0.292,3635.94,0.336,3632.22,0.274,3636.33,0.348,3631.83,0.388,3636.72,0.412,3631.45,0.327,3637.13,0.280,3631.08,0.324,3637.50,0.404,3630.70,0.421,3637.88,0.349,3630.33,0.326,3638.29,0.329,3629.95,0.276,3638.70,0.310,3629.56,0.364,3639.07,0.332,3629.16,0.352,3639.48,0.330,3628.76,0.387,3639.89,0.369,3628.35,0.401,3640.26,0.355
1757800657.7683809,3633.79,0.697,3634.82,0.476,3633.42,0.243,3635.18,0.327,3633.04,0.259,3635.55,0.350,3632.64,0.407,3635.94,0.336,3632.24,0.278,3636.33,0.348,3631.84,0.342,3636.72,0.412,3631.43,0.362,3637.13,0.280,3631.06,0.306,3637.50,0.404,3630.68,0.265,3637.88,0.349,3630.27,0.350,3638.29,0.329,3629.86,0.383,3638.70,0.310,3629.49,0.348,3639.07,0.332,3629.08,0.415,3639.48,0.330,3628.67,0.414,3639.89,0.369,3628.30,0.339,3640.26,0.355
1757800660.0710847,3633.79,0.697,3634.82,0.625,3633.42,0.243,3635.18,0.389,3633.04,0.259,3635.57,0.335,3632.64,0.407,3635.95,0.322,3632.24,0.278,3636.34,0.425,3631.84,0.342,3636.72,0.394,3631.43,0.362,3637.10,0.253,3631.06,0.306,3637.49,0.329,3630.68,0.265,3637.89,0.332,3630.27,0.350,3638.27,0.373,3629.86,0.383,3638.64,0.360,3629.49,0.348,3639.04,0.317,3629.08,0.415,3639.41,0.289,3628.67,0.414,3639.82,0.261,3628.30,0.339,3640.23,0.362
1757800660.268022,3633.79,0.827,3634.82,0.625,3633.42,0.337,3635.18,0.389,3633.02,0.314,3635.57,0.335,3632.63,0.279,3635.95,0.322,3632.23,0.265,3636.34,0.425,3631.84,0.249,3636.72,0.394,3631.46,0.420,3637.10,0.253,3631.07,0.407,3637.49,0.329,3630.67,0.342,3637.89,0.332,3630.29,0.291,3638.27,0.373,3629.92,0.308,3638.64,0.360,3629.52,0.426,3639.04,0.317,3629.15,0.428,3639.41,0.289,3628.74,0.244,3639.82,0.261,3628.33,0.377,3640.23,0.362
1757800662.6613805,3633.79,0.827,3634.82,1.148,3633.42,0.337,3635.18,0.756,3633.02,0.314,3635.55,0.335,3632.63,0.279,3635.57,0.335,3632.23,0.265,3635.95,0.616,3631.84,0.249,3636.34,0.425,3631.46,0.420,3636.35,0.328,3631.07,0.407,3636.71,0.344,3630.67,0.342,3636.72,0.394,3630.29,0.291,3637.10,0.253,3629.92,0.308,3637.11,0.256,3629.52,0.426,3637.49,0.329,3629.15,0.428,3637.51,0.238,3628.74,0.244,3637.88,0.251,3628.33,0.377,3637.89,0.332
1757800662.762535,3633.79,0.827,3634.82,0.523,3633.42,0.337,3635.18,0.367,3633.02,0.314,3635.55,0.335,3632.63,0.279,3635.95,0.294,3632.23,0.265,3636.35,0.328,3631.84,0.249,3636.71,0.344,3631.46,0.420,3637.11,0.256,3631.07,0.407,3637.51,0.238,3630.67,0.342,3637.88,0.251,3630.29,0.291,3638.28,0.279,3629.92,0.308,3638.67,0.266,3629.52,0.426,3639.08,0.285,3629.15,0.428,3639.48,0.250,3628.74,0.244,3639.88,0.410,3628.33,0.377,3640.25,0.271
1757800662.9598446,3633.79,0.840,3634.82,0.523,3633.42,0.423,3635.18,0.367,3633.04,0.254,3635.55,0.335,3632.63,0.395,3635.95,0.294,3632.22,0.273,3636.35,0.328,3631.85,0.427,3636.71,0.344,3631.45,0.367,3637.11,0.256,3631.05,0.234,3637.51,0.238,3630.68,0.428,3637.88,0.251,3630.28,0.291,3638.28,0.279,3629.89,0.309,3638.67,0.266,3629.48,0.367,3639.08,0.285,3629.08,0.285,3639.48,0.250,3628.68,0.290,3639.88,0.410,3628.31,0.352,3640.25,0.271
1757800665.457185,3633.79,0.840,3634.82,0.518,3633.42,0.423,3635.18,0.396,3633.04,0.254,3635.56,0.358,3632.63,0.395,3635.96,0.314,3632.22,0.273,3636.33,0.272,3631.85,0.427,3636.70,0.426,3631.45,0.367,3637.10,0.255,3631.05,0.234,3637.50,0.298,3630.68,0.428,3637.87,0.344,3630.28,0.291,3638.24,0.340,3629.89,0.309,3638.63,0.241,3629.48,0.367,3639.00,0.246,3629.08,0.285,3639.37,0.311,3628.68,0.290,3639.74,0.247,3628.31,0.352,3640.11,0.241
1757800665.6589656,3633.79,0.682,3634.82,0.518,3633.42,0.410,3635.18,0.396,3633.03,0.239,3635.56,0.358,3632.62,0.325,3635.96,0.314,3632.24,0.392,3636.33,0.272,3631.86,0.273,3636.70,0.426,3631.46,0.384,3637.10,0.255,3631.06,0.242,3637.50,0.298,3630.69,0.293,3637.87,0.344,3630.32,0.385,3638.24,0.340,3629.93,0.286,3638.63,0.241,3629.56,0.293,3639.00,0.246,3629.19,0.389,3639.37,0.311,3628.82,0.402,3639.74,0.247,3628.45,0.250,3640.11,0.241
1757800667.8564289,3633.79,0.682,3634.82,0.534,3633.42,0.410,3635.18,0.415,3633.03,0.239,3635.56,0.362,3632.62,0.325,3635.93,0.322,3632.24,0.392,3636.33,0.309,3631.86,0.273,3636.70,0.263,3631.46,0.384,3637.10,0.412,3631.06,0.242,3637.48,0.357,3630.69,0.293,3637.89,0.336,3630.32,0.385,3638.28,0.416,3629.93,0.286,3638.67,0.246,3629.56,0.293,3639.05,0.271,3629.19,0.389,3639.44,0.385,3628.82,0.402,3639.82,0.356,3628.45,0.250,3640.19,0.425
1757800667.958811,3633.79,0.462,3634.82,0.534,3633.42,0.335,3635.18,0.415,3633.03,0.393,3635.56,0.362,3632.65,0.375,3635.93,0.322,3632.24,0.409,3636.33,0.309,3631.86,0.303,3636.70,0.263,3631.46,0.390,3637.10,0.412,3631.08,0.311,3637.48,0.357,3630.67,0.399,3637.89,0.336,3630.28,0.418,3638.28,0.416,3629.89,0.324,3638.67,0.246,3629.51,0.287,3639.05,0.271,3629.12,0.388,3639.44,0.385,3628.74,0.409,3639.82,0.356,3628.37,0.251,3640.19,0.425
1757800670.1786473,3633.79,0.462,3634.82,0.663,3633.42,0.335,3635.18,0.360,3633.03,0.393,3635.54,0.240,3632.65,0.375,3635.94,0.289,3632.24,0.409,3636.30,0.265,3631.86,0.303,3636.70,0.397,3631.46,0.390,3637.10,0.319,3631.08,0.311,3637.50,0.306,3630.67,0.399,3637.91,0.326,3630.28,0.418,3638.32,0.277,3629.89,0.324,3638.72,0.341,3629.51,0.287,3639.13,0.259,3629.12,0.388,3639.52,0.335,3628.74,0.409,3639.89,0.416,3628.37,0.251,3640.27,0.330
1757800670.4573846,3633.79,0.697,3634.82,0.663,3633.42,0.286,3635.18,0.360,3633.05,0.321,3635.54,0.240,3632.64,0.300,3635.94,0.289,3632.27,0.382,3636.30,0.265,3631.86,0.407,3636.70,0.397,3631.46,0.294,3637.10,0.319,3631.06,0.328,3637.50,0.306,3630.65,0.295,3637.91,0.326,3630.24,0.275,3638.32,0.277,3629.84,0.286,3638.72,0.341,3629.43,0.369,3639.13,0.259,3629.04,0.397,3639.52,0.335,3628.67,0.300,3639.89,0.416,3628.29,0.267,3640.27,0.330
1757800672.6652918,3633.79,0.697,3634.82,0.782,3633.42,0.286,3635.18,0.353,3633.05,0.321,3635.55,0.259,3632.64,0.300,3635.95,0.246,3632.27,0.382,3636.35,0.321,3631.86,0.407,3636.71,0.318,3631.46,0.294,3637.10,0.406,3631.06,0.328,3637.47,0.232,3630.65,0.295,3637.87,0.259,3630.24,0.275,3638.24,0.335,3629.84,0.286,3638.65,0.237,3629.43,0.369,3639.03,0.333,3629.04,0.397,3639.43,0.292,3628.67,0.300,3639.84,0.427,3628.29,0.267,3640.24,0.332
1757800672.9614782,3633.79,0.508,3634.82,0.782,3633.42,0.315,3635.18,0.353,3633.04,0.404,3635.55,0.259,3632.63,0.336,3635.95,0.246,3632.22,0.290,3636.35,0.321,3631.85,0.319,3636.71,0.318,3631.46,0.387,3637.10,0.406,3631.09,0.239,3637.47,0.232,3630.69,0.410,3637.87,0.259,3630.32,0.289,3638.24,0.335,3629.91,0.277,3638.65,0.237,3629.53,0.374,3639.03,0.333,3629.13,0.369,3639.43,0.292,3628.72,0.391,3639.84,0.427,3628.32,0.236,3640.24,0.332
1757800675.1657426,3633.79,0.508,3634.82,0.775,3633.42,0.315,3635.18,0.370,3633.04,0.404,3635.55,0.427,3632.63,0.336,3635.93,0.239,3632.22,0.290,3636.33,0.364,3631.85,0.319,3636.69,0.415,3631.46,0.387,3637.06,0.272,3631.09,0.239,3637.43,0.335,3630.69,0.410,3637.81,0.273,3630.32,0.289,3638.21,0.345,3629.91,0.277,3638.58,0.316,3629.53,0.374,3638.97,0.390,3629.13,0.369,3639.38,0.418,3628.72,0.391,3639.75,0.315,3628.32,0.236,3640.15,0.287
1757800675.364956,3633.79,0.523,3634.82,0.775,3633.42,0.429,3635.18,0.370,3633.04,0.420,3635.55,0.427,3632.65,0.233,3635.93,0.239,3632.24,0.387,3636.33,0.364,3631.87,0.270,3636.69,0.415,3631.50,0.424,3637.06,0.272,3631.13,0.415,3637.43,0.335,3630.75,0.323,3637.81,0.273,3630.35,0.250,3638.21,0.345,3629.98,0.329,3638.58,0.316,3629.59,0.308,3638.97,0.390,3629.18,0.413,3639.38,0.418,3628.81,0.351,3639.75,0.315,3628.41,0.391,3640.15,0.287
1757800677.4615707,3633.79,0.523,3634.82,0.510,3633.42,0.429,3635.18,0.380,3633.04,0.420,3635.54,0.424,3632.65,0.233,3635.90,0.240,3632.24,0.387,3636.30,0.258,3631.87,0.270,3636.69,0.314,3631.50,0.424,3637.08,0.396,3631.13,0.415,3637.46,0.374,3630.75,0.323,3637.83,0.374,3630.35,0.250,3638.23,0.231,3629.98,0.329,3638.61,0.328,3629.59,0.308,3639.00,0.402,3629.18,0.413,3639.41,0.267,3628.81,0.351,3639.78,0.300,3628.41,0.391,3640.19,0.424
1757800677.5616617,3633.79,0.504,3634.82,0.510,3633.42,0.338,3635.18,0.380,3633.05,0.366,3635.54,0.424,3632.68,0.328,3635.90,0.240,3632.27,0.248,3636.30,0.258,3631.87,0.349,3636.69,0.314,3631.48,0.301,3637.08,0.396,3631.10,0.237,3637.46,0.374,3630.73,0.305,3637.83,0.374,3630.33,0.260,3638.23,0.231,3629.95,0.327,3638.61,0.328,3629.56,0.413,3639.00,0.402,3629.15,0.348,3639.41,0.267,3628.78,0.419,3639.78,0.300,3628.37,0.420,3640.19,0.424
1757800679.7674217,3633.79,0.504,3634.82,0.501,3633.42,0.338,3635.18,0.255,3633.05,0.366,3635.54,0.280,3632.68,0.328,3635.90,0.381,3632.27,0.248,3636.27,0.365,3631.87,0.349,3636.63,0.423,3631.48,0.301,3637.03,0.338,3631.10,0.237,3637.42,0.336,3630.73,0.305,3637.80,0.245,3630.33,0.260,3638.19,0.337,3629.95,0.327,3638.56,0.375,3629.56,0.413,3638.93,0.350,3629.15,0.348,3639.34,0.300,3628.78,0.419,3639.75,0.326,3628.37,0.420,3640.15,0.284
1757800679.8677094,3633.79,0.625,3634.82,0.501,3633.42,0.313,3635.18,0.255,3633.05,0.300,3635.54,0.280,3632.68,0.409,3635.90,0.381,3632.30,0.310,3636.27,0.365,3631.93,0.274,3636.63,0.423,3631.53,0.349,3637.03,0.338,3631.14,0.234,3637.42,0.336,3630.76,0.378,3637.80,0.245,3630.37,0.370,3638.19,0.337,3630.00,0.303,3638.56,0.375,3629.63,0.403,3638.93,0.350,3629.22,0.267,3639.34,0.300,3628.81,0.392,3639.75,0.326,3628.41,0.255,3640.15,0.284
1757800681.9746673,3633.79,0.625,3634.82,0.848,3633.42,0.313,3635.18,0.376,3633.05,0.300,3635.55,0.283,3632.68,0.409,3635.95,0.406,3632.30,0.310,3636.34,0.380,3631.93,0.274,3636.74,0.255,3631.53,0.349,3637.11,0.288,3631.14,0.234,3637.51,0.235,3630.76,0.378,3637.92,0.328,3630.37,0.370,3638.30,0.373,3630.00,0.303,3638.68,0.403,3629.63,0.403,3639.08,0.288,3629.22,0.267,3639.48,0.266,3628.81,0.392,3639.88,0.351,3628.41,0.255,3640.27,0.399
1757800682.0639162,3633.79,0.580,3634.82,0.848,3633.42,0.342,3635.18,0.376,3633.04,0.322,3635.55,0.283,3632.63,0.290,3635.95,0.406,3632.23,0.299,3636.34,0.380,3631.82,0.267,3636.74,0.255,3631.45,0.248,3637.11,0.288,3631.05,0.289,3637.51,0.235,3630.64,0.286,3637.92,0.328,3630.26,0.414,3638.30,0.373,3629.88,0.380,3638.68,0.403,3629.48,0.270,3639.08,0.288,3629.08,0.330,3639.48,0.266,3628.68,0.421,3639.88,0.351,3628.29,0.266,3640.27,0.399
1757800684.171595,3633.79,0.580,3634.82,0.519,3633.42,0.342,3635.18,0.368,3633.04,0.322,3635.56,0.342,3632.63,0.290,3635.95,0.353,3632.23,0.299,3636.35,0.268,3631.82,0.267,3636.75,0.297,3631.45,0.248,3637.15,0.317,3631.05,0.289,3637.54,0.262,3630.64,0.286,3637.91,0.326,3630.26,0.414,3638.30,0.318,3629.88,0.380,3638.71,0.315,3629.48,0.270,3639.11,0.335,3629.08,0.330,3639.48,0.369,3628.68,0.421,3639.87,0.399,3628.29,0.266,3640.25,0.427
1757800684.2643788,3633.79,1.396,3634.82,0.519,3633.42,0.582,3635.18,0.368,3633.04,0.322,3635.56,0.342,3633.03,0.425,3635.95,0.353,3632.63,0.611,3636.35,0.268,3632.23,0.299,3636.75,0.297,3632.22,0.346,3637.15,0.317,3631.82,0.267,3637.54,0.262,3631.81,0.322,3637.91,0.326,3631.45,0.248,3638.30,0.318,3631.41,0.292,3638.71,0.315,3631.05,0.289,3639.11,0.335,3631.02,0.300,3639.48,0.369,3630.65,0.355,3639.87,0.399,3630.64,0.286,3640.25,0.427
1757800684.3652058,3633.79,0.816,3634.82,0.519,3633.42,0.240,3635.18,0.368,3633.03,0.425,3635.56,0.342,3632.63,0.321,3635.95,0.353,3632.22,0.346,3636.35,0.268,3631.81,0.322,3636.75,0.297,3631.41,0.292,3637.15,0.317,3631.02,0.300,3637.54,0.262,3630.65,0.355,3637.91,0.326,3630.26,0.410,3638.30,0.318,3629.85,0.416,3638.71,0.315,3629.45,0.290,3639.11,0.335,3629.08,0.310,3639.48,0.369,3628.69,0.303,3639.87,0.399,3628.31,0.427,3640.25,0.427
1757800686.4651837,3633.79,0.816,3634.82,0.856,3633.42,0.240,3635.18,0.386,3633.03,0.425,3635.55,0.407,3632.63,0.321,3635.92,0.265,3632.22,0.346,3636.32,0.398,3631.81,0.322,3636.69,0.393,3631.41,0.292,3637.06,0.348,3631.02,0.300,3637.44,0.255,3630.65,0.355,3637.81,0.260,3630.26,0.410,3638.18,0.317,3629.85,0.416,3638.55,0.307,3629.45,0.290,3638.92,0.332,3629.08,0.310,3639.33,0.277,3628.69,0.303,3639.73,0.358,3628.31,0.427,3640.10,0.261
1757800686.5660877,3633.79,0.744,3634.82,0.856,3633.42,0.245,3635.18,0.386,3633.04,0.406,3635.55,0.407,3632.66,0.323,3635.92,0.265,3632.25,0.368,3636.32,0.398,3631.87,0.376,3636.69,0.393,3631.50,0.351,3637.06,0.348,3631.12,0.244,3637.44,0.255,3630.75,0.308,3637.81,0.260,3630.38,0.285,3638.18,0.317,3630.01,0.407,3638.55,0.307,3629.64,0.240,3638.92,0.332,3629.23,0.256,3639.33,0.277,3628.83,0.427,3639.73,0.358,3628.46,0.356,3640.10,0.261
1757800688.7673388,3633.79,0.744,3634.82,1.662,3633.42,0.245,3635.18,0.751,3633.04,0.406,3635.55,0.407,3632.66,0.323,3635.56,0.360,3632.25,0.368,3635.92,0.265,3631.87,0.376,3635.95,0.407,3631.50,0.351,3636.31,0.426,3631.12,0.244,3636.32,0.398,3630.75,0.308,3636.69,0.393,3630.38,0.285,3636.71,0.337,3630.01,0.407,3637.06,0.348,3629.64,0.240,3637.12,0.271,3629.23,0.256,3637.44,0.255,3628.83,0.427,3637.49,0.282,3628.46,0.356,3637.81,0.260
1757800688.867279,3633.79,0.744,3634.82,0.806,3633.42,0.245,3635.18,0.365,3633.04,0.406,3635.56,0.360,3632.66,0.323,3635.95,0.407,3632.25,0.368,3636.31,0.426,3631.87,0.376,3636.71,0.337,3631.50,0.351,3637.12,0.271,3631.12,0.244,3637.49,0.282,3630.75,0.308,3637.89,0.421,3630.38,0.285,3638.26,0.416,3630.01,0.407,3638.65,0.378,3629.64,0.240,3639.03,0.356,3629.23,0.256,3639.40,0.346,3628.83,0.427,3639.77,0.374,3628.46,0.356,3640.18,0.417
1757800688.9676034,3633.79,0.502,3634.82,0.806,3633.42,0.395,3635.18,0.365,3633.03,0.326,3635.56,0.360,3632.63,0.329,3635.95,0.407,3632.26,0.281,3636.31,0.426,3631.85,0.304,3636.71,0.337,3631.44,0.405,3637.12,0.271,3631.07,0.395,3637.49,0.282,3630.67,0.324,3637.89,0.421,3630.30,0.337,3638.26,0.416,3629.91,0.308,3638.65,0.378,3629.53,0.258,3639.03,0.356,3629.16,0.304,3639.40,0.346,3628.79,0.286,3639.77,0.374,3628.38,0.406,3640.18,0.417
1757800691.177446,3633.79,0.502,3634.82,0.734,3633.42,0.395,3635.18,0.408,3633.03,0.326,3635.57,0.366,3632.63,0.329,3635.93,0.318,3632.26,0.281,3636.32,0.420,3631.85,0.304,3636.71,0.281,3631.44,0.405,3637.12,0.298,3631.07,0.395,3637.51,0.334,3630.67,0.324,3637.88,0.334,3630.30,0.337,3638.26,0.348,3629.91,0.308,3638.63,0.346,3629.53,0.258,3639.02,0.418,3629.16,0.304,3639.40,0.245,3628.79,0.286,3639.79,0.319,3628.38,0.406,3640.17,0.338
1757800691.2705746,3633.79,0.671,3634.82,0.734,3633.42,0.393,3635.18,0.408,3633.02,0.296,3635.57,0.366,3632.65,0.330,3635.93,0.318,3632.25,0.312,3636.32,0.420,3631.85,0.408,3636.71,0.281,3631.44,0.351,3637.12,0.298,3631.05,0.337,3637.51,0.334,3630.68,0.282,3637.88,0.334,3630.30,0.370,3638.26,0.348,3629.93,0.340,3638.63,0.346,3629.54,0.365,3639.02,0.418,3629.16,0.274,3639.40,0.245,3628.77,0.318,3639.79,0.319,3628.39,0.327,3640.17,0.338
1757800693.4605675,3633.79,0.671,3634.82,0.463,3633.42,0.393,3635.18,0.320,3633.02,0.296,3635.55,0.373,3632.65,0.330,3635.91,0.395,3632.25,0.312,3636.31,0.344,3631.85,0.408,3636.71,0.277,3631.44,0.351,3637.08,0.275,3631.05,0.337,3637.45,0.319,3630.68,0.282,3637.82,0.256,3630.30,0.370,3638.23,0.328,3629.93,0.340,3638.60,0.378,3629.54,0.365,3638.97,0.274,3629.16,0.274,3639.38,0.401,3628.77,0.318,3639.75,0.242,3628.39,0.327,3640.14,0.296
1757800693.5609922,3633.79,0.687,3634.82,0.463,3633.42,0.426,3635.18,0.320,3633.04,0.409,3635.55,0.373,3632.67,0.423,3635.91,0.395,3632.26,0.416,3636.31,0.344,3631.85,0.246,3636.71,0.277,3631.48,0.245,3637.08,0.275,3631.11,0.389,3637.45,0.319,3630.74,0.419,3637.82,0.256,3630.33,0.337,3638.23,0.328,3629.96,0.412,3638.60,0.378,3629.59,0.277,3638.97,0.274,3629.18,0.283,3639.38,0.401,3628.81,0.374,3639.75,0.242,3628.42,0.299,3640.14,0.296
1757800695.7582905,3633.79,0.687,3634.82,0.671,3633.42,0.426,3635.18,0.389,3633.04,0.409,3635.58,0.349,3632.67,0.423,3635.94,0.408,3632.26,0.416,3636.30,0.318,3631.85,0.246,3636.66,0.242,3631.48,0.245,3637.07,0.271,3631.11,0.389,3637.47,0.267,3630.74,0.419,3637.86,0.233,3630.33,0.337,3638.25,0.387,3629.96,0.412,3638.65,0.396,3629.59,0.277,3639.02,0.251,3629.18,0.283,3639.43,0.258,3628.81,0.374,3639.80,0.272,3628.42,0.299,3640.20,0.288
1757800695.8573835,3633.79,0.566,3634.82,0.671,3633.42,0.402,3635.18,0.389,3633.01,0.236,3635.58,0.349,3632.64,0.281,3635.94,0.408,3632.27,0.257,3636.30,0.318,3631.90,0.264,3636.66,0.242,3631.49,0.311,3637.07,0.271,3631.09,0.403,3637.47,0.267,3630.70,0.314,3637.86,0.233,3630.31,0.288,3638.25,0.387,3629.91,0.398,3638.65,0.396,3629.54,0.323,3639.02,0.251,3629.13,0.237,3639.43,0.258,3628.76,0.366,3639.80,0.272,3628.36,0.397,3640.20,0.288
1757800697.9575102,3633.79,0.566,3634.82,1.408,3633.42,0.402,3635.18,0.785,3633.01,0.236,3635.57,0.420,3632.64,0.281,3635.58,0.349,3632.27,0.257,3635.94,0.408,3631.90,0.264,3635.95,0.314,3631.49,0.311,3636.30,0.318,3631.09,0.403,3636.35,0.423,3630.70,0.314,3636.66,0.242,3630.31,0.288,3636.73,0.340,3629.91,0.398,3637.07,0.271,3629.54,0.323,3637.13,0.285,3629.13,0.237,3637.47,0.267,3628.76,0.366,3637.51,0.275,3628.36,0.397,3637.86,0.233
1757800698.058021,3633.79,0.566,3634.82,0.737,3633.42,0.402,3635.18,0.396,3633.01,0.236,3635.57,0.420,3632.64,0.281,3635.95,0.314,3632.27,0.257,3636.35,0.423,3631.90,0.264,3636.73,0.340,3631.49,0.311,3637.13,0.285,3631.09,0.403,3637.51,0.275,3630.70,0.314,3637.88,0.354,3630.31,0.288,3638.28,0.275,3629.91,0.398,3638.69,0.370,3629.54,0.323,3639.07,0.386,3629.13,0.237,3639.45,0.280,3628.76,0.366,3639.82,0.385,3628.36,0.397,3640.21,0.258
1757800698.1646068,3633.79,0.679,3634.82,0.737,3633.42,0.288,3635.18,0.396,3633.02,0.337,3635.57,0.420,3632.63,0.378,3635.95,0.314,3632.22,0.346,3636.35,0.423,3631.83,0.345,3636.73,0.340,3631.43,0.382,3637.13,0.285,3631.05,0.336,3637.51,0.275,3630.68,0.383,3637.88,0.354,3630.28,0.310,3638.28,0.275,3629.87,0.361,3638.69,0.370,3629.49,0.291,3639.07,0.386,3629.11,0.412,3639.45,0.280,3628.74,0.262,3639.82,0.385,3628.35,0.387,3640.21,0.258
1757800700.3554711,3633.79,0.679,3634.82,0.814,3633.42,0.288,3635.18,0.290,3633.02,0.337,3635.57,0.277,3632.63,0.378,3635.95,0.338,3632.22,0.346,3636.32,0.311,3631.83,0.345,3636.70,0.288,3631.43,0.382,3637.08,0.383,3631.05,0.336,3637.47,0.236,3630.68,0.383,3637.86,0.352,3630.28,0.310,3638.23,0.298,3629.87,0.361,3638.62,0.304,3629.49,0.291,3638.99,0.296,3629.11,0.412,3639.36,0.383,3628.74,0.262,3639.73,0.397,3628.35,0.387,3640.11,0.347
1757800700.5566967,3633.79,0.781,3634.82,0.814,3633.42,0.340,3635.18,0.290,3633.02,0.278,3635.57,0.277,3632.63,0.373,3635.95,0.338,3632.25,0.389,3636.32,0.311,3631.86,0.328,3636.70,0.288,3631.48,0.410,3637.08,0.383,3631.09,0.275,3637.47,0.236,3630.70,0.387,3637.86,0.352,3630.33,0.385,3638.23,0.298,3629.94,0.275,3638.62,0.304,3629.57,0.236,3638.99,0.296,3629.20,0.396,3639.36,0.383,3628.83,0.380,3639.73,0.397,3628.45,0.257,3640.11,0.347
1757800702.7581558,3633.79,0.781,3634.82,0.687,3633.42,0.340,3635.18,0.249,3633.02,0.278,3635.58,0.253,3632.63,0.373,3635.97,0.288,3632.25,0.389,3636.33,0.233,3631.86,0.328,3636.69,0.395,3631.48,0.410,3637.10,0.258,3631.09,0.275,3637.47,0.364,3630.70,0.387,3637.85,0.232,3630.33,0.385,3638.24,0.418,3629.94,0.275,3638.64,0.234,3629.57,0.236,3639.03,0.273,3629.20,0.396,3639.40,0.250,3628.83,0.380,3639.80,0.389,3628.45,0.257,3640.21,0.421
1757800702.957844,3633.79,0.723,3634.82,0.687,3633.42,0.409,3635.18,0.249,3633.01,0.307,3635.58,0.253,3632.61,0.264,3635.97,0.288,3632.24,0.291,3636.33,0.233,3631.87,0.378,3636.69,0.395,3631.46,0.354,3637.10,0.258,3631.09,0.371,3637.47,0.364,3630.71,0.351,3637.85,0.232,3630.32,0.342,3638.24,0.418,3629.92,0.252,3638.64,0.234,3629.53,0.317,3639.03,0.273,3629.16,0.403,3639.40,0.250,3628.76,0.362,3639.80,0.389,3628.35,0.363,3640.21,0.421
1757800705.1666818,3633.79,0.723,3634.82,0.748,3633.42,0.409,3635.18,0.286,3633.01,0.307,3635.57,0.416,3632.61,0.264,3635.93,0.237,3632.24,0.291,3636.32,0.263,3631.87,0.378,3636.70,0.414,3631.46,0.354,3637.10,0.357,3631.09,0.371,3637.49,0.375,3630.71,0.351,3637.87,0.251,3630.32,0.342,3638.25,0.282,3629.92,0.252,3638.64,0.413,3629.53,0.317,3639.05,0.381,3629.16,0.403,3639.44,0.372,3628.76,0.362,3639.84,0.245,3628.35,0.363,3640.24,0.415
1757800705.3582737,3633.79,0.834,3634.82,0.748,3633.42,0.328,3635.18,0.286,3633.02,0.275,3635.57,0.416,3632.65,0.323,3635.93,0.237,3632.25,0.290,3636.32,0.263,3631.86,0.240,3636.70,0.414,3631.46,0.404,3637.10,0.357,3631.07,0.235,3637.49,0.375,3630.69,0.406,3637.87,0.251,3630.31,0.331,3638.25,0.282,3629.92,0.374,3638.64,0.413,3629.51,0.287,3639.05,0.381,3629.12,0.407,3639.44,0.372,3628.72,0.352,3639.84,0.245,3628.32,0.316,3640.24,0.415
1757800707.6644337,3633.79,0.834,3634.82,0.781,3633.42,0.328,3635.18,0.285,3633.02,0.275,3635.54,0.326,3632.65,0.323,3635.91,0.290,3632.25,0.290,3636.29,0.239,3631.86,0.240,3636.68,0.304,3631.46,0.404,3637.08,0.348,3631.07,0.235,3637.47,0.315,3630.69,0.406,3637.86,0.421,3630.31,0.331,3638.25,0.244,3629.92,0.374,3638.64,0.371,3629.51,0.287,3639.03,0.341,3629.12,0.407,3639.40,0.419,3628.72,0.352,3639.80,0.250,3628.32,0.316,3640.20,0.300
1757800707.861544,3633.79,1.335,3634.82,0.781,3633.42,0.573,3635.18,0.285,3633.05,0.362,3635.54,0.326,3633.02,0.275,3635.91,0.290,3632.67,0.299,3636.29,0.239,3632.65,0.323,3636.68,0.304,3632.28,0.365,3637.08,0.348,3632.25,0.290,3637.47,0.315,3631.88,0.331,3637.86,0.421,3631.86,0.240,3638.25,0.244,3631.48,0.307,3638.64,0.371,3631.46,0.404,3639.03,0.341,3631.09,0.242,3639.40,0.419,3631.07,0.235,3639.80,0.250,3630.70,0.271,3640.20,0.300
1757800707.9607055,3633.79,0.501,3634.82,0.781,3633.42,0.245,3635.18,0.285,3633.05,0.362,3635.54,0.326,3632.67,0.299,3635.91,0.290,3632.28,0.365,3636.29,0.239,3631.88,0.331,3636.68,0.304,3631.48,0.307,3637.08,0.348,3631.09,0.242,3637.47,0.315,3630.70,0.271,3637.86,0.421,3630.31,0.275,3638.25,0.244,3629.92,0.364,3638.64,0.371,3629.53,0.317,3639.03,0.341,3629.16,0.263,3639.40,0.419,3628.76,0.302,3639.80,0.250,3628.36,0.353,3640.20,0.300
1757800710.0595918,3633.79,0.775,3634.82,0.765,3633.42,0.309,3635.18,0.376,3633.01,0.389,3635.58,0.362,3632.62,0.276,3635.96,0.348,3632.25,0.342,3636.32,0.387,3631.85,0.246,3636.71,0.310,3631.47,0.295,3637.09,0.322,3631.09,0.421,3637.47,0.282,3630.71,0.406,3637.85,0.292,3630.32,0.293,3638.24,0.350,3629.95,0.346,3638.61,0.326,3629.57,0.390,3638.99,0.256,3629.19,0.243,3639.37,0.309,3628.78,0.331,3639.78,0.291,3628.40,0.410,3640.16,0.322
1757800712.2611456,3633.79,1.237,3634.82,0.651,3633.42,0.703,3635.18,0.289,3633.02,0.387,3635.57,0.383,3633.01,0.389,3635.94,0.350,3632.64,0.373,3636.34,0.297,3632.62,0.276,3636.70,0.367,3632.25,0.342,3637.10,0.347,3632.23,0.307,3637.47,0.312,3631.86,0.269,3637.87,0.343,3631.85,0.246,3638.26,0.258,3631.47,0.295,3638.63,0.417,3631.46,0.331,3639.04,0.289,3631.09,0.730,3639.42,0.393,3630.71,0.406,3639.81,0.308,3630.69,0.395,3640.19,0.331
1757800712.3656003,3633.79,0.462,3634.82,0.651,3633.42,0.394,3635.18,0.289,3633.02,0.387,3635.57,0.383,3632.64,0.373,3635.94,0.350,3632.23,0.307,3636.34,0.297,3631.86,0.269,3636.70,0.367,3631.46,0.331,3637.10,0.347,3631.09,0.309,3637.47,0.312,3630.69,0.395,3637.87,0.343,3630.30,0.255,3638.26,0.258,3629.93,0.298,3638.63,0.417,3629.52,0.401,3639.04,0.289,3629.14,0.371,3639.42,0.393,3628.75,0.356,3639.81,0.308,3628.37,0.364,3640.19,0.331
1757800714.4649522,3633.79,0.462,3634.82,0.622,3633.42,0.394,3635.18,0.321,3633.02,0.387,3635.54,0.394,3632.64,0.373,3635.90,0.318,3632.23,0.307,3636.30,0.422,3631.86,0.269,3636.70,0.235,3631.46,0.331,3637.11,0.300,3631.09,0.309,3637.50,0.276,3630.69,0.395,3637.90,0.271,3630.30,0.255,3638.28,0.250,3629.93,0.298,3638.65,0.370,3629.52,0.401,3639.05,0.249,3629.14,0.371,3639.45,0.375,3628.75,0.356,3639.82,0.345,3628.37,0.364,3640.21,0.369
1757800714.5636537,3633.79,0.546,3634.82,0.622,3633.42,0.250,3635.18,0.321,3633.05,0.250,3635.54,0.394,3632.68,0.232,3635.90,0.318,3632.27,0.267,3636.30,0.422,3631.86,0.400,3636.70,0.235,3631.45,0.272,3637.11,0.300,3631.06,0.320,3637.50,0.276,3630.66,0.427,3637.90,0.271,3630.28,0.302,3638.28,0.250,3629.91,0.235,3638.65,0.370,3629.51,0.269,3639.05,0.249,3629.11,0.350,3639.45,0.375,3628.74,0.419,3639.82,0.345,3628.35,0.373,3640.21,0.369
1757800716.7665036,3633.79,0.552,3634.82,0.466,3633.42,0.337,3635.18,0.322,3633.04,0.319,3635.55,0.310,3632.63,0.321,3635.95,0.309,3632.22,0.284,3636.35,0.331,3631.81,0.243,3636.75,0.418,3631.44,0.388,3637.12,0.323,3631.03,0.346,3637.53,0.337,3630.66,0.320,3637.90,0.284,3630.25,0.400,3638.31,0.389,3629.85,0.378,3638.71,0.364,3629.47,0.331,3639.09,0.353,3629.06,0.318,3639.50,0.397,3628.69,0.407,3639.87,0.266,3628.29,0.307,3640.27,0.324
1757800718.967684,3633.79,0.552,3634.82,0.617,3633.42,0.337,3635.18,0.278,3633.04,0.319,3635.56,0.406,3632.63,0.321,3635.92,0.319,3632.22,0.284,3636.32,0.313,3631.81,0.243,3636.69,0.420,3631.44,0.388,3637.07,0.278,3631.03,0.346,3637.44,0.312,3630.66,0.320,3637.83,0.342,3630.25,0.400,3638.23,0.384,3629.85,0.378,3638.64,0.307,3629.47,0.331,3639.05,0.321,3629.06,0.318,3639.42,0.241,3628.69,0.407,3639.80,0.253,3628.29,0.307,3640.21,0.375
1757800719.076541,3633.79,0.464,3634.82,0.617,3633.42,0.291,3635.18,0.278,3633.03,0.249,3635.56,0.406,3632.66,0.330,3635.92,0.319,3632.25,0.351,3636.32,0.313,3631.87,0.244,3636.69,0.420,3631.49,0.393,3637.07,0.278,3631.12,0.330,3637.44,0.312,3630.73,0.424,3637.83,0.342,3630.33,0.392,3638.23,0.384,3629.92,0.233,3638.64,0.307,3629.51,0.360,3639.05,0.321,3629.14,0.307,3639.42,0.241,3628.76,0.253,3639.80,0.253,3628.35,0.339,3640.21,0.375
1757800721.1769085,3633.79,0.464,3634.82,0.619,3633.42,0.291,3635.18,0.366,3633.03,0.249,3635.56,0.329,3632.66,0.330,3635.94,0.317,3632.25,0.351,3636.32,0.238,3631.87,0.244,3636.69,0.419,3631.49,0.393,3637.07,0.297,3631.12,0.330,3637.44,0.245,3630.73,0.424,3637.84,0.275,3630.33,0.392,3638.24,0.370,3629.92,0.233,3638.62,0.232,3629.51,0.360,3639.00,0.240,3629.14,0.307,3639.40,0.359,3628.76,0.253,3639.81,0.274,3628.35,0.339,3640.18,0.274
1757800721.2698734,3633.79,0.573,3634.82,0.619,3633.42,0.273,3635.18,0.366,3633.03,0.249,3635.56,0.329,3632.64,0.385,3635.94,0.317,3632.25,0.322,3636.32,0.238,3631.87,0.362,3636.69,0.419,3631.49,0.378,3637.07,0.297,3631.12,0.391,3637.44,0.245,3630.72,0.290,3637.84,0.275,3630.32,0.376,3638.24,0.370,3629.94,0.259,3638.62,0.232,3629.56,0.409,3639.00,0.240,3629.16,0.266,3639.40,0.359,3628.75,0.301,3639.81,0.274,3628.38,0.420,3640.18,0.274
1757800723.4595463,3633.79,0.573,3634.82,0.570,3633.42,0.273,3635.18,0.232,3633.03,0.249,3635.56,0.386,3632.64,0.385,3635.93,0.409,3632.25,0.322,3636.30,0.334,3631.87,0.362,3636.66,0.286,3631.49,0.378,3637.06,0.242,3631.12,0.391,3637.46,0.340,3630.72,0.290,3637.87,0.407,3630.32,0.376,3638.26,0.245,3629.94,0.259,3638.67,0.241,3629.56,0.409,3639.07,0.241,3629.16,0.266,3639.47,0.303,3628.75,0.301,3639.85,0.295,3628.38,0.420,3640.26,0.297
1757800723.560093,3633.79,0.537,3634.82,0.570,3633.42,0.274,3635.18,0.232,3633.03,0.245,3635.56,0.386,3632.65,0.340,3635.93,0.409,3632.27,0.330,3636.30,0.334,3631.90,0.266,3636.66,0.286,3631.50,0.334,3637.06,0.242,3631.10,0.258,3637.46,0.340,3630.69,0.317,3637.87,0.407,3630.30,0.283,3638.26,0.245,3629.89,0.282,3638.67,0.241,3629.49,0.255,3639.07,0.241,3629.09,0.398,3639.47,0.303,3628.71,0.394,3639.85,0.295,3628.30,0.330,3640.26,0.297
1757800725.7584195,3633.79,0.537,3634.82,0.541,3633.42,0.274,3635.18,0.246,3633.03,0.245,3635.56,0.386,3632.65,0.340,3635.58,0.251,3632.27,0.330,3635.93,0.409,3631.90,0.266,3635.94,0.356,3631.50,0.334,3636.31,0.246,3631.10,0.258,3636.66,0.286,3630.69,0.317,3636.68,0.350,3630.30,0.283,3637.07,0.420,3629.89,0.282,3637.48,0.376,3629.49,0.255,3637.87,0.322,3629.09,0.398,3638.24,0.371,3628.71,0.394,3638.26,0.245,3628.30,0.330,3638.63,0.251
1757800725.8584123,3633.79,0.673,3634.82,0.541,3633.42,0.349,3635.18,0.246,3633.01,0.254,3635.58,0.251,3632.64,0.293,3635.94,0.356,3632.26,0.268,3636.31,0.246,3631.88,0.291,3636.68,0.350,3631.49,0.346,3637.07,0.420,3631.08,0.419,3637.48,0.376,3630.69,0.322,3637.87,0.322,3630.32,0.265,3638.24,0.371,3629.93,0.239,3638.63,0.251,3629.53,0.274,3639.03,0.370,3629.13,0.235,3639.43,0.327,3628.74,0.256,3639.82,0.359,3628.36,0.409,3640.20,0.389
