timestamp,contract_id,price,size,side,exchange_timestamp
1757800369.2702596,10000002,4656.61,0,last,
1757800369.2702596,10000002,4656.6,0,bid,
1757800369.2702596,10000002,4656.65,0,ask,
1757800369.2702596,10000002,4656.61,0,last,
1757800369.2702596,10000002,4656.6,0,bid,
1757800369.2702596,10000002,4656.65,0,ask,
1757800369.2702596,10000002,4656.61,0,last,
1757800369.2702596,10000002,4656.6,0,bid,
1757800369.2702596,10000002,4656.65,0,ask,
1757800369.4360225,10000002,4656.61,0,last,
1757800369.4360225,10000002,4656.6,0,bid,
1757800369.4360225,10000002,4656.65,0,ask,
1757800369.6950393,10000002,4656.61,0,last,
1757800369.6950393,10000002,4656.6,0,bid,
1757800369.6950393,10000002,4656.65,0,ask,
1757800370.4265053,10000002,4656.61,0,last,
1757800370.4265053,10000002,4656.6,0,bid,
1757800370.4265053,10000002,4656.65,0,ask,
1757800371.3355193,10000002,4657.44,0,last,
1757800371.3355193,10000002,4656.6,0,bid,
1757800371.3355193,10000002,4656.65,0,ask,
1757800371.4639897,10000002,4657.44,0,last,
1757800371.4639897,10000002,4656.6,0,bid,
1757800371.4639897,10000002,4656.65,0,ask,
1757800371.5538402,10000002,4657.44,0,last,
1757800371.5538402,10000002,4656.6,0,bid,
1757800371.5538402,10000002,4656.65,0,ask,
1757800371.5616093,10000002,4657.44,0,last,
1757800371.5616093,10000002,4656.6,0,bid,
1757800371.5616093,10000002,4656.65,0,ask,
1757800373.5046625,10000002,4657.44,0,last,
1757800373.5046625,10000002,4656.6,0,bid,
1757800373.5046625,10000002,4656.65,0,ask,
1757800373.5086834,10000002,4657.44,0,last,
1757800373.5086834,10000002,4656.6,0,bid,
1757800373.5086834,10000002,4656.65,0,ask,
1757800374.2494571,10000002,4657.54,0,last,
1757800374.2494571,10000002,4656.6,0,bid,
1757800374.2494571,10000002,4656.65,0,ask,
1757800374.2494571,10000002,4657.54,0,last,
1757800374.2494571,10000002,4656.6,0,bid,
1757800374.2494571,10000002,4656.65,0,ask,
1757800374.5768065,10000002,4657.64,0,last,
1757800374.5768065,10000002,4656.6,0,bid,
1757800374.5768065,10000002,4656.65,0,ask,
1757800374.577327,10000002,4657.64,0,last,
1757800374.577327,10000002,4656.6,0,bid,
1757800374.577327,10000002,4656.65,0,ask,
1757800374.697935,10000002,4657.64,0,last,
1757800374.697935,10000002,4656.6,0,bid,
1757800374.697935,10000002,4656.65,0,ask,
1757800375.4225535,10000002,4657.64,0,last,
1757800375.4225535,10000002,4656.6,0,bid,
1757800375.4225535,10000002,4656.65,0,ask,
1757800376.4206674,10000002,4657.64,0,last,
1757800376.4206674,10000002,4656.6,0,bid,
1757800376.4206674,10000002,4656.65,0,ask,
1757800376.4503264,10000002,4657.64,0,last,
1757800376.4503264,10000002,4656.6,0,bid,
1757800376.4503264,10000002,4656.65,0,ask,
1757800376.4896896,10000002,4657.64,0,last,
1757800376.4896896,10000002,4656.6,0,bid,
1757800376.4896896,10000002,4656.65,0,ask,
1757800378.5088878,10000002,4657.64,0,last,
1757800378.5088878,10000002,4656.6,0,bid,
1757800378.5088878,10000002,4656.65,0,ask,
1757800378.514571,10000002,4657.64,0,last,
1757800378.514571,10000002,4656.6,0,bid,
1757800378.514571,10000002,4656.65,0,ask,
1757800379.4237225,10000002,4657.84,0,last,
1757800379.4237225,10000002,4656.6,0,bid,
1757800379.4237225,10000002,4656.65,0,ask,
1757800379.7376194,10000002,4657.84,0,last,
1757800379.7376194,10000002,4656.6,0,bid,
1757800379.7376194,10000002,4656.65,0,ask,
1757800380.1935964,10000002,4657.84,0,last,
1757800380.1935964,10000002,4656.6,0,bid,
1757800380.1935964,10000002,4656.65,0,ask,
1757800380.4221208,10000002,4657.84,0,last,
1757800380.4221208,10000002,4656.6,0,bid,
1757800380.4221208,10000002,4656.65,0,ask,
1757800381.42342,10000002,4657.84,0,last,
1757800381.42342,10000002,4656.6,0,bid,
1757800381.42342,10000002,4656.65,0,ask,
1757800381.4511225,10000002,4657.84,0,last,
1757800381.4511225,10000002,4656.6,0,bid,
1757800381.4511225,10000002,4656.65,0,ask,
1757800381.5062132,10000002,4657.84,0,last,
1757800381.5062132,10000002,4656.6,0,bid,
1757800381.5062132,10000002,4656.65,0,ask,
1757800382.4661963,10000002,4657.84,0,last,
1757800382.4661963,10000002,4656.6,0,bid,
1757800382.4661963,10000002,4656.65,0,ask,
1757800384.6745303,10000002,4657.84,0,last,
1757800384.6745303,10000002,4656.6,0,bid,
1757800384.6745303,10000002,4656.65,0,ask,
1757800384.6802063,10000002,4657.84,0,last,
1757800384.6802063,10000002,4656.6,0,bid,
1757800384.6802063,10000002,4656.65,0,ask,
1757800385.421678,10000002,4657.84,0,last,
1757800385.421678,10000002,4656.6,0,bid,
1757800385.421678,10000002,4656.65,0,ask,
1757800386.4765506,10000002,4657.84,0,last,
1757800386.4765506,10000002,4656.6,0,bid,
1757800386.4765506,10000002,4656.65,0,ask,
1757800386.4874368,10000002,4657.84,0,last,
1757800386.4874368,10000002,4656.6,0,bid,
1757800386.4874368,10000002,4656.65,0,ask,
1757800386.533156,10000002,4657.84,0,last,
1757800386.533156,10000002,4656.6,0,bid,
1757800386.533156,10000002,4656.65,0,ask,
1757800387.467543,10000002,4657.84,0,last,
1757800387.467543,10000002,4656.6,0,bid,
1757800387.467543,10000002,4656.65,0,ask,
1757800388.4199336,10000002,4657.88,0,last,
1757800388.4199336,10000002,4656.6,0,bid,
1757800388.4199336,10000002,4656.65,0,ask,
1757800389.3508477,10000002,4657.88,0,last,
1757800389.3508477,10000002,4656.6,0,bid,
1757800389.3508477,10000002,4656.65,0,ask,
1757800389.420983,10000002,4657.88,0,last,
1757800389.420983,10000002,4656.6,0,bid,
1757800389.420983,10000002,4656.65,0,ask,
1757800389.4282086,10000002,4657.87,0,last,
1757800389.4282086,10000002,4656.6,0,bid,
1757800389.4282086,10000002,4656.65,0,ask,
1757800389.4297905,10000002,4657.87,0,last,
1757800389.4297905,10000002,4656.6,0,bid,
1757800389.4297905,10000002,4656.65,0,ask,
1757800389.4297905,10000002,4657.87,0,last,
1757800389.4297905,10000002,4656.6,0,bid,
1757800389.4297905,10000002,4656.65,0,ask,
1757800389.4297905,10000002,4657.87,0,last,
1757800389.4297905,10000002,4656.6,0,bid,
1757800389.4297905,10000002,4656.65,0,ask,
1757800389.4297905,10000002,4657.87,0,last,
1757800389.4297905,10000002,4656.6,0,bid,
1757800389.4297905,10000002,4656.65,0,ask,
1757800390.6022215,10000002,4657.87,0,last,
1757800390.6022215,10000002,4656.6,0,bid,
1757800390.6022215,10000002,4656.65,0,ask,
1757800391.4195187,10000002,4657.87,0,last,
1757800391.4195187,10000002,4656.6,0,bid,
1757800391.4195187,10000002,4656.65,0,ask,
1757800391.4506876,10000002,4657.87,0,last,
1757800391.4506876,10000002,4656.6,0,bid,
1757800391.4506876,10000002,4656.65,0,ask,
1757800391.4891038,10000002,4657.87,0,last,
1757800391.4891038,10000002,4656.6,0,bid,
1757800391.4891038,10000002,4656.65,0,ask,
1757800392.4635024,10000002,4657.87,0,last,
1757800392.4635024,10000002,4656.6,0,bid,
1757800392.4635024,10000002,4656.65,0,ask,
1757800392.621301,10000002,4658.48,0,last,
1757800392.621301,10000002,4656.6,0,bid,
1757800392.621301,10000002,4656.65,0,ask,
1757800392.621301,10000002,4658.51,0,last,
1757800392.621301,10000002,4656.6,0,bid,
1757800392.621301,10000002,4656.65,0,ask,
1757800392.621301,10000002,4658.54,0,last,
1757800392.621301,10000002,4656.6,0,bid,
1757800392.621301,10000002,4656.65,0,ask,
1757800392.6218224,10000002,4658.56,0,last,
1757800392.6218224,10000002,4656.6,0,bid,
1757800392.6218224,10000002,4656.65,0,ask,
1757800392.6218224,10000002,4658.61,0,last,
1757800392.6218224,10000002,4656.6,0,bid,
1757800392.6218224,10000002,4656.65,0,ask,
1757800392.6218224,10000002,4658.67,0,last,
1757800392.6218224,10000002,4656.6,0,bid,
1757800392.6218224,10000002,4656.65,0,ask,
1757800392.6223476,10000002,4658.78,0,last,
1757800392.6223476,10000002,4656.6,0,bid,
1757800392.6223476,10000002,4656.65,0,ask,
1757800392.6223476,10000002,4658.81,0,last,
1757800392.6223476,10000002,4656.6,0,bid,
1757800392.6223476,10000002,4656.65,0,ask,
1757800392.6223476,10000002,4658.81,0,last,
1757800392.6223476,10000002,4656.6,0,bid,
1757800392.6223476,10000002,4656.65,0,ask,
1757800392.6223476,10000002,4658.83,0,last,
1757800392.6223476,10000002,4656.6,0,bid,
1757800392.6223476,10000002,4656.65,0,ask,
1757800392.6223476,10000002,4658.83,0,last,
1757800392.6223476,10000002,4656.6,0,bid,
1757800392.6223476,10000002,4656.65,0,ask,
1757800394.3340175,10000002,4658.88,0,last,
1757800394.3340175,10000002,4656.6,0,bid,
1757800394.3340175,10000002,4656.65,0,ask,
1757800394.3340175,10000002,4658.88,0,last,
1757800394.3340175,10000002,4656.6,0,bid,
1757800394.3340175,10000002,4656.65,0,ask,
1757800394.3340175,10000002,4658.88,0,last,
1757800394.3340175,10000002,4656.6,0,bid,
1757800394.3340175,10000002,4656.65,0,ask,
1757800394.3340175,10000002,4658.99,0,last,
1757800394.3340175,10000002,4656.6,0,bid,
1757800394.3340175,10000002,4656.65,0,ask,
1757800394.3340175,10000002,4659.07,0,last,
1757800394.3340175,10000002,4656.6,0,bid,
1757800394.3340175,10000002,4656.65,0,ask,
1757800394.3340175,10000002,4659.13,0,last,
1757800394.3340175,10000002,4656.6,0,bid,
1757800394.3340175,10000002,4656.65,0,ask,
1757800394.3554683,10000002,4659.13,0,last,
1757800394.3554683,10000002,4656.6,0,bid,
1757800394.3554683,10000002,4656.65,0,ask,
1757800394.416115,10000002,4659.21,0,last,
1757800394.416115,10000002,4656.6,0,bid,
1757800394.416115,10000002,4656.65,0,ask,
1757800394.416115,10000002,4659.21,0,last,
1757800394.416115,10000002,4656.6,0,bid,
1757800394.416115,10000002,4656.65,0,ask,
1757800394.416115,10000002,4659.22,0,last,
1757800394.416115,10000002,4656.6,0,bid,
1757800394.416115,10000002,4656.65,0,ask,
1757800394.4166207,10000002,4659.23,0,last,
1757800394.4166207,10000002,4656.6,0,bid,
1757800394.4166207,10000002,4656.65,0,ask,
1757800394.4166207,10000002,4659.23,0,last,
1757800394.4166207,10000002,4656.6,0,bid,
1757800394.4166207,10000002,4656.65,0,ask,
1757800394.421828,10000002,4659.23,0,last,
1757800394.421828,10000002,4656.6,0,bid,
1757800394.421828,10000002,4656.65,0,ask,
1757800395.7538366,10000002,4659.23,0,last,
1757800395.7538366,10000002,4656.6,0,bid,
1757800395.7538366,10000002,4656.65,0,ask,
1757800396.4195824,10000002,4659.23,0,last,
1757800396.4195824,10000002,4656.6,0,bid,
1757800396.4195824,10000002,4656.65,0,ask,
1757800396.4651737,10000002,4659.23,0,last,
1757800396.4651737,10000002,4656.6,0,bid,
1757800396.4651737,10000002,4656.65,0,ask,
1757800396.4809797,10000002,4659.23,0,last,
1757800396.4809797,10000002,4656.6,0,bid,
1757800396.4809797,10000002,4656.65,0,ask,
1757800397.2957215,10000002,4659.32,0,last,
1757800397.2957215,10000002,4656.6,0,bid,
1757800397.2957215,10000002,4656.65,0,ask,
1757800397.2957215,10000002,4659.32,0,last,
1757800397.2957215,10000002,4656.6,0,bid,
1757800397.2957215,10000002,4656.65,0,ask,
1757800397.4700747,10000002,4659.32,0,last,
1757800397.4700747,10000002,4656.6,0,bid,
1757800397.4700747,10000002,4656.65,0,ask,
1757800398.675575,10000002,4659.33,0,last,
1757800398.675575,10000002,4656.6,0,bid,
1757800398.675575,10000002,4656.65,0,ask,
1757800398.9580648,10000002,4659.52,0,last,
1757800398.9580648,10000002,4656.6,0,bid,
1757800398.9580648,10000002,4656.65,0,ask,
1757800399.3850005,10000002,4659.52,0,last,
1757800399.3850005,10000002,4656.6,0,bid,
1757800399.3850005,10000002,4656.65,0,ask,
1757800399.4243908,10000002,4659.52,0,last,
1757800399.4243908,10000002,4656.6,0,bid,
1757800399.4243908,10000002,4656.65,0,ask,
1757800400.6112041,10000002,4659.52,0,last,
1757800400.6112041,10000002,4656.6,0,bid,
1757800400.6112041,10000002,4656.65,0,ask,
1757800401.4230585,10000002,4659.52,0,last,
1757800401.4230585,10000002,4656.6,0,bid,
1757800401.4230585,10000002,4656.65,0,ask,
1757800401.4504397,10000002,4659.52,0,last,
1757800401.4504397,10000002,4656.6,0,bid,
1757800401.4504397,10000002,4656.65,0,ask,
1757800401.4935293,10000002,4659.52,0,last,
1757800401.4935293,10000002,4656.6,0,bid,
1757800401.4935293,10000002,4656.65,0,ask,
1757800402.4601011,10000002,4659.52,0,last,
1757800402.4601011,10000002,4656.6,0,bid,
1757800402.4601011,10000002,4656.65,0,ask,
1757800402.6052852,10000002,4659.38,0,last,
1757800402.6052852,10000002,4656.6,0,bid,
1757800402.6052852,10000002,4656.65,0,ask,
1757800402.6052852,10000002,4659.38,0,last,
1757800402.6052852,10000002,4656.6,0,bid,
1757800402.6052852,10000002,4656.65,0,ask,
1757800404.5619786,10000002,4659.38,0,last,
1757800404.5619786,10000002,4656.6,0,bid,
1757800404.5619786,10000002,4656.65,0,ask,
1757800404.5695722,10000002,4659.38,0,last,
1757800404.5695722,10000002,4656.6,0,bid,
1757800404.5695722,10000002,4656.65,0,ask,
1757800405.4205422,10000002,4659.38,0,last,
1757800405.4205422,10000002,4656.6,0,bid,
1757800405.4205422,10000002,4656.65,0,ask,
1757800406.5105174,10000002,4659.38,0,last,
1757800406.5105174,10000002,4656.6,0,bid,
1757800406.5105174,10000002,4656.65,0,ask,
1757800406.521078,10000002,4659.38,0,last,
1757800406.521078,10000002,4656.6,0,bid,
1757800406.521078,10000002,4656.65,0,ask,
1757800406.5648317,10000002,4659.38,0,last,
1757800406.5648317,10000002,4656.6,0,bid,
1757800406.5648317,10000002,4656.65,0,ask,
1757800407.4572666,10000002,4659.38,0,last,
1757800407.4572666,10000002,4656.6,0,bid,
1757800407.4572666,10000002,4656.65,0,ask,
1757800408.4239519,10000002,4659.38,0,last,
1757800408.4239519,10000002,4656.6,0,bid,
1757800408.4239519,10000002,4656.65,0,ask,
1757800408.4239519,10000002,4659.38,0,last,
1757800408.4239519,10000002,4656.6,0,bid,
1757800408.4239519,10000002,4656.65,0,ask,
1757800409.3572965,10000002,4659.38,0,last,
1757800409.3572965,10000002,4656.6,0,bid,
1757800409.3572965,10000002,4656.65,0,ask,
1757800409.4301023,10000002,4659.38,0,last,
1757800409.4301023,10000002,4656.6,0,bid,
1757800409.4301023,10000002,4656.65,0,ask,
1757800410.5804868,10000002,4659.38,0,last,
1757800410.5804868,10000002,4656.6,0,bid,
1757800410.5804868,10000002,4656.65,0,ask,
1757800411.420604,10000002,4659.38,0,last,
1757800411.420604,10000002,4656.6,0,bid,
1757800411.420604,10000002,4656.65,0,ask,
1757800411.4517207,10000002,4659.38,0,last,
1757800411.4517207,10000002,4656.6,0,bid,
1757800411.4517207,10000002,4656.65,0,ask,
1757800411.4832609,10000002,4659.38,0,last,
1757800411.4832609,10000002,4656.6,0,bid,
1757800411.4832609,10000002,4656.65,0,ask,
1757800411.4879818,10000002,4659.44,0,last,
1757800411.4879818,10000002,4656.6,0,bid,
1757800411.4879818,10000002,4656.65,0,ask,
1757800411.4879818,10000002,4659.37,0,last,
1757800411.4879818,10000002,4656.6,0,bid,
1757800411.4879818,10000002,4656.65,0,ask,
1757800411.4879818,10000002,4659.37,0,last,
1757800411.4879818,10000002,4656.6,0,bid,
1757800411.4879818,10000002,4656.65,0,ask,
1757800411.4879818,10000002,4659.37,0,last,
1757800411.4879818,10000002,4656.6,0,bid,
1757800411.4879818,10000002,4656.65,0,ask,
1757800411.4879818,10000002,4659.37,0,last,
1757800411.4879818,10000002,4656.6,0,bid,
1757800411.4879818,10000002,4656.65,0,ask,
1757800412.4570146,10000002,4659.37,0,last,
1757800412.4570146,10000002,4656.6,0,bid,
1757800412.4570146,10000002,4656.65,0,ask,
1757800414.3568413,10000002,4659.37,0,last,
1757800414.3568413,10000002,4656.6,0,bid,
1757800414.3568413,10000002,4656.65,0,ask,
1757800414.961261,10000002,4659.37,0,last,
1757800414.961261,10000002,4656.6,0,bid,
1757800414.961261,10000002,4656.65,0,ask,
1757800415.6027904,10000002,4659.37,0,last,
1757800415.6027904,10000002,4656.6,0,bid,
1757800415.6027904,10000002,4656.65,0,ask,
1757800416.4213486,10000002,4659.37,0,last,
1757800416.4213486,10000002,4656.6,0,bid,
1757800416.4213486,10000002,4656.65,0,ask,
1757800416.4446244,10000002,4659.45,0,last,
1757800416.4446244,10000002,4656.6,0,bid,
1757800416.4446244,10000002,4656.65,0,ask,
1757800416.448189,10000002,4659.45,0,last,
1757800416.448189,10000002,4656.6,0,bid,
1757800416.448189,10000002,4656.65,0,ask,
1757800416.486078,10000002,4659.45,0,last,
1757800416.486078,10000002,4656.6,0,bid,
1757800416.486078,10000002,4656.65,0,ask,
1757800417.4560945,10000002,4659.45,0,last,
1757800417.4560945,10000002,4656.6,0,bid,
1757800417.4560945,10000002,4656.65,0,ask,
1757800419.693282,10000002,4659.45,0,last,
1757800419.693282,10000002,4656.6,0,bid,
1757800419.693282,10000002,4656.65,0,ask,
1757800419.693807,10000002,4659.45,0,last,
1757800419.693807,10000002,4656.6,0,bid,
1757800419.693807,10000002,4656.65,0,ask,
1757800420.7938092,10000002,4659.45,0,last,
1757800420.7938092,10000002,4656.6,0,bid,
1757800420.7938092,10000002,4656.65,0,ask,
1757800421.421767,10000002,4659.45,0,last,
1757800421.421767,10000002,4656.6,0,bid,
1757800421.421767,10000002,4656.65,0,ask,
1757800421.4488761,10000002,4659.45,0,last,
1757800421.4488761,10000002,4656.6,0,bid,
1757800421.4488761,10000002,4656.65,0,ask,
1757800421.4900305,10000002,4659.45,0,last,
1757800421.4900305,10000002,4656.6,0,bid,
1757800421.4900305,10000002,4656.65,0,ask,
1757800422.420797,10000002,4659.45,0,last,
1757800422.420797,10000002,4656.6,0,bid,
1757800422.420797,10000002,4656.65,0,ask,
1757800424.4335752,10000002,4659.46,0,last,
1757800424.4335752,10000002,4656.6,0,bid,
1757800424.4335752,10000002,4656.65,0,ask,
1757800424.4335752,10000002,4659.46,0,last,
1757800424.4335752,10000002,4656.6,0,bid,
1757800424.4335752,10000002,4656.65,0,ask,
1757800424.4335752,10000002,4659.46,0,last,
1757800424.4335752,10000002,4656.6,0,bid,
1757800424.4335752,10000002,4656.65,0,ask,
1757800424.4649498,10000002,4659.46,0,last,
1757800424.4649498,10000002,4656.6,0,bid,
1757800424.4649498,10000002,4656.65,0,ask,
1757800424.46595,10000002,4659.46,0,last,
1757800424.46595,10000002,4656.6,0,bid,
1757800424.46595,10000002,4656.65,0,ask,
1757800425.4294093,10000002,4659.46,0,last,
1757800425.4294093,10000002,4656.6,0,bid,
1757800425.4294093,10000002,4656.65,0,ask,
1757800426.5615983,10000002,4659.46,0,last,
1757800426.5615983,10000002,4656.6,0,bid,
1757800426.5615983,10000002,4656.65,0,ask,
1757800426.5731537,10000002,4659.46,0,last,
1757800426.5731537,10000002,4656.6,0,bid,
1757800426.5731537,10000002,4656.65,0,ask,
1757800426.632768,10000002,4659.46,0,last,
1757800426.632768,10000002,4656.6,0,bid,
1757800426.632768,10000002,4656.65,0,ask,
1757800427.4213264,10000002,4659.46,0,last,
1757800427.4213264,10000002,4656.6,0,bid,
1757800427.4213264,10000002,4656.65,0,ask,
1757800428.4551916,10000002,4659.46,0,last,
1757800428.4551916,10000002,4656.6,0,bid,
1757800428.4551916,10000002,4656.65,0,ask,
1757800430.4381196,10000002,4659.46,0,last,
1757800430.4381196,10000002,4656.6,0,bid,
1757800430.4381196,10000002,4656.65,0,ask,
1757800430.447518,10000002,4659.46,0,last,
1757800430.447518,10000002,4656.6,0,bid,
1757800430.447518,10000002,4656.65,0,ask,
1757800431.6745405,10000002,4659.46,0,last,
1757800431.6745405,10000002,4656.6,0,bid,
1757800431.6745405,10000002,4656.65,0,ask,
1757800431.6837938,10000002,4659.46,0,last,
1757800431.6837938,10000002,4656.6,0,bid,
1757800431.6837938,10000002,4656.65,0,ask,
1757800431.7281723,10000002,4659.46,0,last,
1757800431.7281723,10000002,4656.6,0,bid,
1757800431.7281723,10000002,4656.65,0,ask,
1757800432.4193332,10000002,4659.46,0,last,
1757800432.4193332,10000002,4656.6,0,bid,
1757800432.4193332,10000002,4656.65,0,ask,
1757800432.4280908,10000002,4659.46,0,last,
1757800432.4280908,10000002,4656.6,0,bid,
1757800432.4280908,10000002,4656.65,0,ask,
1757800433.4200106,10000002,4659.46,0,last,
1757800433.4200106,10000002,4656.6,0,bid,
1757800433.4200106,10000002,4656.65,0,ask,
1757800433.432768,10000002,4659.47,0,last,
1757800433.432768,10000002,4656.6,0,bid,
1757800433.432768,10000002,4656.65,0,ask,
1757800435.564256,10000002,4659.47,0,last,
1757800435.564256,10000002,4656.6,0,bid,
1757800435.564256,10000002,4656.65,0,ask,
1757800435.5699914,10000002,4659.47,0,last,
1757800435.5699914,10000002,4656.6,0,bid,
1757800435.5699914,10000002,4656.65,0,ask,
1757800436.3725367,10000002,4659.68,0,last,
1757800436.3725367,10000002,4656.6,0,bid,
1757800436.3725367,10000002,4656.65,0,ask,
1757800436.424419,10000002,4659.68,0,last,
1757800436.424419,10000002,4656.6,0,bid,
1757800436.424419,10000002,4656.65,0,ask,
1757800436.450229,10000002,4659.68,0,last,
1757800436.450229,10000002,4656.6,0,bid,
1757800436.450229,10000002,4656.65,0,ask,
1757800436.495374,10000002,4659.68,0,last,
1757800436.495374,10000002,4656.6,0,bid,
1757800436.495374,10000002,4656.65,0,ask,
1757800437.5832434,10000002,4659.68,0,last,
1757800437.5832434,10000002,4656.6,0,bid,
1757800437.5832434,10000002,4656.65,0,ask,
1757800438.4431598,10000002,4659.68,0,last,
1757800438.4431598,10000002,4656.6,0,bid,
1757800438.4431598,10000002,4656.65,0,ask,
1757800439.6625168,10000002,4659.68,0,last,
1757800439.6625168,10000002,4656.6,0,bid,
1757800439.6625168,10000002,4656.65,0,ask,
1757800440.1952782,10000002,4659.68,0,last,
1757800440.1952782,10000002,4656.6,0,bid,
1757800440.1952782,10000002,4656.65,0,ask,
1757800441.1633034,10000002,4659.68,0,last,
1757800441.1633034,10000002,4656.6,0,bid,
1757800441.1633034,10000002,4656.65,0,ask,
1757800441.792167,10000002,4659.68,0,last,
1757800441.792167,10000002,4656.6,0,bid,
1757800441.792167,10000002,4656.65,0,ask,
1757800441.8026156,10000002,4659.68,0,last,
1757800441.8026156,10000002,4656.6,0,bid,
1757800441.8026156,10000002,4656.65,0,ask,
1757800441.8395362,10000002,4659.68,0,last,
1757800441.8395362,10000002,4656.6,0,bid,
1757800441.8395362,10000002,4656.65,0,ask,
1757800442.4214542,10000002,4659.68,0,last,
1757800442.4214542,10000002,4656.6,0,bid,
1757800442.4214542,10000002,4656.65,0,ask,
1757800443.4194875,10000002,4659.68,0,last,
1757800443.4194875,10000002,4656.6,0,bid,
1757800443.4194875,10000002,4656.65,0,ask,
1757800443.9544754,10000002,4659.99,0,last,
1757800443.9544754,10000002,4656.6,0,bid,
1757800443.9544754,10000002,4656.65,0,ask,
1757800443.9544754,10000002,4660.08,0,last,
1757800443.9544754,10000002,4656.6,0,bid,
1757800443.9544754,10000002,4656.65,0,ask,
1757800444.512381,10000002,4660.26,0,last,
1757800444.512381,10000002,4656.6,0,bid,
1757800444.512381,10000002,4656.65,0,ask,
1757800444.513419,10000002,4660.27,0,last,
1757800444.513419,10000002,4656.6,0,bid,
1757800444.513419,10000002,4656.65,0,ask,
1757800444.513419,10000002,4660.27,0,last,
1757800444.513419,10000002,4656.6,0,bid,
1757800444.513419,10000002,4656.65,0,ask,
1757800444.5729098,10000002,4660.36,0,last,
1757800444.5729098,10000002,4656.6,0,bid,
1757800444.5729098,10000002,4656.65,0,ask,
1757800444.684391,10000002,4660.37,0,last,
1757800444.684391,10000002,4656.6,0,bid,
1757800444.684391,10000002,4656.65,0,ask,
1757800444.684391,10000002,4660.37,0,last,
1757800444.684391,10000002,4656.6,0,bid,
1757800444.684391,10000002,4656.65,0,ask,
1757800445.477365,10000002,4660.46,0,last,
1757800445.477365,10000002,4656.6,0,bid,
1757800445.477365,10000002,4656.65,0,ask,
1757800445.477365,10000002,4660.47,0,last,
1757800445.477365,10000002,4656.6,0,bid,
1757800445.477365,10000002,4656.65,0,ask,
1757800445.641021,10000002,4660.47,0,last,
1757800445.641021,10000002,4656.6,0,bid,
1757800445.641021,10000002,4656.65,0,ask,
1757800445.6440213,10000002,4660.47,0,last,
1757800445.6440213,10000002,4656.6,0,bid,
1757800445.6440213,10000002,4656.65,0,ask,
1757800446.8672895,10000002,4660.47,0,last,
1757800446.8672895,10000002,4656.6,0,bid,
1757800446.8672895,10000002,4656.65,0,ask,
1757800446.8785665,10000002,4660.47,0,last,
1757800446.8785665,10000002,4656.6,0,bid,
1757800446.8785665,10000002,4656.65,0,ask,
1757800446.9190028,10000002,4660.47,0,last,
1757800446.9190028,10000002,4656.6,0,bid,
1757800446.9190028,10000002,4656.65,0,ask,
1757800447.4683251,10000002,4660.47,0,last,
1757800447.4683251,10000002,4656.6,0,bid,
1757800447.4683251,10000002,4656.65,0,ask,
1757800447.7079892,10000002,4660.56,0,last,
1757800447.7079892,10000002,4656.6,0,bid,
1757800447.7079892,10000002,4656.65,0,ask,
1757800447.7079892,10000002,4660.56,0,last,
1757800447.7079892,10000002,4656.6,0,bid,
1757800447.7079892,10000002,4656.65,0,ask,
1757800447.7111216,10000002,4660.56,0,last,
1757800447.7111216,10000002,4656.6,0,bid,
1757800447.7111216,10000002,4656.65,0,ask,
1757800448.4249783,10000002,4660.56,0,last,
1757800448.4249783,10000002,4656.6,0,bid,
1757800448.4249783,10000002,4656.65,0,ask,
1757800449.3021147,10000002,4660.66,0,last,
1757800449.3021147,10000002,4656.6,0,bid,
1757800449.3021147,10000002,4656.65,0,ask,
1757800449.4632142,10000002,4660.66,0,last,
1757800449.4632142,10000002,4656.6,0,bid,
1757800449.4632142,10000002,4656.65,0,ask,
1757800451.5094423,10000002,4660.66,0,last,
1757800451.5094423,10000002,4656.6,0,bid,
1757800451.5094423,10000002,4656.65,0,ask,
1757800451.5144908,10000002,4660.66,0,last,
1757800451.5144908,10000002,4656.6,0,bid,
1757800451.5144908,10000002,4656.65,0,ask,
1757800451.5278463,10000002,4660.66,0,last,
1757800451.5278463,10000002,4656.6,0,bid,
1757800451.5278463,10000002,4656.65,0,ask,
1757800451.5617168,10000002,4660.66,0,last,
1757800451.5617168,10000002,4656.6,0,bid,
1757800451.5617168,10000002,4656.65,0,ask,
1757800452.5761602,10000002,4660.77,0,last,
1757800452.5761602,10000002,4656.6,0,bid,
1757800452.5761602,10000002,4656.65,0,ask,
1757800452.680437,10000002,4660.77,0,last,
1757800452.680437,10000002,4656.6,0,bid,
1757800452.680437,10000002,4656.65,0,ask,
1757800453.4237356,10000002,4660.77,0,last,
1757800453.4237356,10000002,4656.6,0,bid,
1757800453.4237356,10000002,4656.65,0,ask,
1757800454.4245677,10000002,4660.77,0,last,
1757800454.4245677,10000002,4656.6,0,bid,
1757800454.4245677,10000002,4656.65,0,ask,
1757800454.9371736,10000002,4660.98,0,last,
1757800454.9371736,10000002,4656.6,0,bid,
1757800454.9371736,10000002,4656.65,0,ask,
1757800456.4813273,10000002,4660.98,0,last,
1757800456.4813273,10000002,4656.6,0,bid,
1757800456.4813273,10000002,4656.65,0,ask,
1757800456.4873292,10000002,4660.98,0,last,
1757800456.4873292,10000002,4656.6,0,bid,
1757800456.4873292,10000002,4656.65,0,ask,
1757800456.4990525,10000002,4660.98,0,last,
1757800456.4990525,10000002,4656.6,0,bid,
1757800456.4990525,10000002,4656.65,0,ask,
1757800456.556229,10000002,4660.98,0,last,
1757800456.556229,10000002,4656.6,0,bid,
1757800456.556229,10000002,4656.65,0,ask,
1757800457.0477178,10000002,4661.14,0,last,
1757800457.0477178,10000002,4656.6,0,bid,
1757800457.0477178,10000002,4656.65,0,ask,
1757800457.0477178,10000002,4661.14,0,last,
1757800457.0477178,10000002,4656.6,0,bid,
1757800457.0477178,10000002,4656.65,0,ask,
1757800457.4678974,10000002,4661.13,0,last,
1757800457.4678974,10000002,4656.6,0,bid,
1757800457.4678974,10000002,4656.65,0,ask,
1757800457.8218634,10000002,4661.13,0,last,
1757800457.8218634,10000002,4656.6,0,bid,
1757800457.8218634,10000002,4656.65,0,ask,
1757800458.419189,10000002,4661.13,0,last,
1757800458.419189,10000002,4656.6,0,bid,
1757800458.419189,10000002,4656.65,0,ask,
1757800459.4189806,10000002,4661.13,0,last,
1757800459.4189806,10000002,4656.6,0,bid,
1757800459.4189806,10000002,4656.65,0,ask,
1757800461.500589,10000002,4661.13,0,last,
1757800461.500589,10000002,4656.6,0,bid,
1757800461.500589,10000002,4656.65,0,ask,
1757800461.5130835,10000002,4661.13,0,last,
1757800461.5130835,10000002,4656.6,0,bid,
1757800461.5130835,10000002,4656.65,0,ask,
1757800461.5172365,10000002,4661.13,0,last,
1757800461.5172365,10000002,4656.6,0,bid,
1757800461.5172365,10000002,4656.65,0,ask,
1757800461.5712247,10000002,4661.13,0,last,
1757800461.5712247,10000002,4656.6,0,bid,
1757800461.5712247,10000002,4656.65,0,ask,
1757800462.0206623,10000002,4661.15,0,last,
1757800462.0206623,10000002,4656.6,0,bid,
1757800462.0206623,10000002,4656.65,0,ask,
1757800462.0206623,10000002,4661.15,0,last,
1757800462.0206623,10000002,4656.6,0,bid,
1757800462.0206623,10000002,4656.65,0,ask,
1757800462.0206623,10000002,4661.15,0,last,
1757800462.0206623,10000002,4656.6,0,bid,
1757800462.0206623,10000002,4656.65,0,ask,
1757800462.02419,10000002,4661.24,0,last,
1757800462.02419,10000002,4656.6,0,bid,
1757800462.02419,10000002,4656.65,0,ask,
1757800462.02419,10000002,4661.27,0,last,
1757800462.02419,10000002,4656.6,0,bid,
1757800462.02419,10000002,4656.65,0,ask,
1757800462.02419,10000002,4661.28,0,last,
1757800462.02419,10000002,4656.6,0,bid,
1757800462.02419,10000002,4656.65,0,ask,
1757800462.02419,10000002,4661.28,0,last,
1757800462.02419,10000002,4656.6,0,bid,
1757800462.02419,10000002,4656.65,0,ask,
1757800462.02419,10000002,4661.3,0,last,
1757800462.02419,10000002,4656.6,0,bid,
1757800462.02419,10000002,4656.65,0,ask,
1757800462.02419,10000002,4661.32,0,last,
1757800462.02419,10000002,4656.6,0,bid,
1757800462.02419,10000002,4656.65,0,ask,
1757800462.0270555,10000002,4661.32,0,last,
1757800462.0270555,10000002,4656.6,0,bid,
1757800462.0270555,10000002,4656.65,0,ask,
1757800462.0270555,10000002,4661.36,0,last,
1757800462.0270555,10000002,4656.6,0,bid,
1757800462.0270555,10000002,4656.65,0,ask,
1757800462.0270555,10000002,4661.4,0,last,
1757800462.0270555,10000002,4656.6,0,bid,
1757800462.0270555,10000002,4656.65,0,ask,
1757800462.0270555,10000002,4661.46,0,last,
1757800462.0270555,10000002,4656.6,0,bid,
1757800462.0270555,10000002,4656.65,0,ask,
1757800462.7072313,10000002,4661.46,0,last,
1757800462.7072313,10000002,4656.6,0,bid,
1757800462.7072313,10000002,4656.65,0,ask,
1757800463.440054,10000002,4661.46,0,last,
1757800463.440054,10000002,4656.6,0,bid,
1757800463.440054,10000002,4656.65,0,ask,
1757800464.4207654,10000002,4661.46,0,last,
1757800464.4207654,10000002,4656.6,0,bid,
1757800464.4207654,10000002,4656.65,0,ask,
1757800464.9975138,10000002,4661.54,0,last,
1757800464.9975138,10000002,4656.6,0,bid,
1757800464.9975138,10000002,4656.65,0,ask,
1757800465.4570558,10000002,4661.54,0,last,
1757800465.4570558,10000002,4656.6,0,bid,
1757800465.4570558,10000002,4656.65,0,ask,
1757800466.7630303,10000002,4661.53,0,last,
1757800466.7630303,10000002,4656.6,0,bid,
1757800466.7630303,10000002,4656.65,0,ask,
1757800466.7630303,10000002,4661.53,0,last,
1757800466.7630303,10000002,4656.6,0,bid,
1757800466.7630303,10000002,4656.65,0,ask,
1757800466.7630303,10000002,4661.53,0,last,
1757800466.7630303,10000002,4656.6,0,bid,
1757800466.7630303,10000002,4656.65,0,ask,
1757800466.7630303,10000002,4661.53,0,last,
1757800466.7630303,10000002,4656.6,0,bid,
1757800466.7630303,10000002,4656.65,0,ask,
1757800466.7630303,10000002,4661.53,0,last,
1757800466.7630303,10000002,4656.6,0,bid,
1757800466.7630303,10000002,4656.65,0,ask,
1757800466.7630303,10000002,4661.53,0,last,
1757800466.7630303,10000002,4656.6,0,bid,
1757800466.7630303,10000002,4656.65,0,ask,
1757800466.7630303,10000002,4661.12,0,last,
1757800466.7630303,10000002,4656.6,0,bid,
1757800466.7630303,10000002,4656.65,0,ask,
1757800466.7630303,10000002,4661.12,0,last,
1757800466.7630303,10000002,4656.6,0,bid,
1757800466.7630303,10000002,4656.65,0,ask,
1757800467.3557098,10000002,4661.12,0,last,
1757800467.3557098,10000002,4656.6,0,bid,
1757800467.3557098,10000002,4656.65,0,ask,
1757800467.36951,10000002,4661.12,0,last,
1757800467.36951,10000002,4656.6,0,bid,
1757800467.36951,10000002,4656.65,0,ask,
1757800467.410083,10000002,4661.12,0,last,
1757800467.410083,10000002,4656.6,0,bid,
1757800467.410083,10000002,4656.65,0,ask,
1757800467.4201267,10000002,4661.12,0,last,
1757800467.4201267,10000002,4656.6,0,bid,
1757800467.4201267,10000002,4656.65,0,ask,
1757800468.6027126,10000002,4661.12,0,last,
1757800468.6027126,10000002,4656.6,0,bid,
1757800468.6027126,10000002,4656.65,0,ask,
1757800469.4212167,10000002,4661.12,0,last,
1757800469.4212167,10000002,4656.6,0,bid,
1757800469.4212167,10000002,4656.65,0,ask,
1757800470.4599514,10000002,4661.12,0,last,
1757800470.4599514,10000002,4656.6,0,bid,
1757800470.4599514,10000002,4656.65,0,ask,
1757800472.3361795,10000002,4661.12,0,last,
1757800472.3361795,10000002,4656.6,0,bid,
1757800472.3361795,10000002,4656.65,0,ask,
1757800472.3525412,10000002,4661.12,0,last,
1757800472.3525412,10000002,4656.6,0,bid,
1757800472.3525412,10000002,4656.65,0,ask,
1757800472.3898752,10000002,4661.12,0,last,
1757800472.3898752,10000002,4656.6,0,bid,
1757800472.3898752,10000002,4656.65,0,ask,
1757800472.4217613,10000002,4661.12,0,last,
1757800472.4217613,10000002,4656.6,0,bid,
1757800472.4217613,10000002,4656.65,0,ask,
1757800473.5171952,10000002,4661.12,0,last,
1757800473.5171952,10000002,4656.6,0,bid,
1757800473.5171952,10000002,4656.65,0,ask,
1757800474.4186401,10000002,4661.12,0,last,
1757800474.4186401,10000002,4656.6,0,bid,
1757800474.4186401,10000002,4656.65,0,ask,
1757800475.4273784,10000002,4660.09,0,last,
1757800475.4273784,10000002,4656.6,0,bid,
1757800475.4273784,10000002,4656.65,0,ask,
1757800475.4273784,10000002,4660.09,0,last,
1757800475.4273784,10000002,4656.6,0,bid,
1757800475.4273784,10000002,4656.65,0,ask,
1757800475.4273784,10000002,4660.09,0,last,
1757800475.4273784,10000002,4656.6,0,bid,
1757800475.4273784,10000002,4656.65,0,ask,
1757800475.4284065,10000002,4660.09,0,last,
1757800475.4284065,10000002,4656.6,0,bid,
1757800475.4284065,10000002,4656.65,0,ask,
1757800475.4284065,10000002,4660.09,0,last,
1757800475.4284065,10000002,4656.6,0,bid,
1757800475.4284065,10000002,4656.65,0,ask,
1757800475.465219,10000002,4660.09,0,last,
1757800475.465219,10000002,4656.6,0,bid,
1757800475.465219,10000002,4656.65,0,ask,
1757800477.4234738,10000002,4660.09,0,last,
1757800477.4234738,10000002,4656.6,0,bid,
1757800477.4234738,10000002,4656.65,0,ask,
1757800477.43151,10000002,4660.09,0,last,
1757800477.43151,10000002,4656.6,0,bid,
1757800477.43151,10000002,4656.65,0,ask,
1757800477.4391413,10000002,4660.09,0,last,
1757800477.4391413,10000002,4656.6,0,bid,
1757800477.4391413,10000002,4656.65,0,ask,
1757800477.4459035,10000002,4660.1,0,last,
1757800477.4459035,10000002,4656.6,0,bid,
1757800477.4459035,10000002,4656.65,0,ask,
1757800477.4892719,10000002,4660.1,0,last,
1757800477.4892719,10000002,4656.6,0,bid,
1757800477.4892719,10000002,4656.65,0,ask,
1757800478.6355696,10000002,4660.1,0,last,
1757800478.6355696,10000002,4656.6,0,bid,
1757800478.6355696,10000002,4656.65,0,ask,
1757800479.4212582,10000002,4660.1,0,last,
1757800479.4212582,10000002,4656.6,0,bid,
1757800479.4212582,10000002,4656.65,0,ask,
1757800480.4648566,10000002,4660.1,0,last,
1757800480.4648566,10000002,4656.6,0,bid,
1757800480.4648566,10000002,4656.65,0,ask,
1757800482.3309994,10000002,4660.1,0,last,
1757800482.3309994,10000002,4656.6,0,bid,
1757800482.3309994,10000002,4656.65,0,ask,
1757800482.339476,10000002,4660.1,0,last,
1757800482.339476,10000002,4656.6,0,bid,
1757800482.339476,10000002,4656.65,0,ask,
1757800482.3785334,10000002,4660.1,0,last,
1757800482.3785334,10000002,4656.6,0,bid,
1757800482.3785334,10000002,4656.65,0,ask,
1757800482.9259896,10000002,4660.1,0,last,
1757800482.9259896,10000002,4656.6,0,bid,
1757800482.9259896,10000002,4656.65,0,ask,
1757800483.4439962,10000002,4660.08,0,last,
1757800483.4439962,10000002,4656.6,0,bid,
1757800483.4439962,10000002,4656.65,0,ask,
1757800483.5148375,10000002,4660.08,0,last,
1757800483.5148375,10000002,4656.6,0,bid,
1757800483.5148375,10000002,4656.65,0,ask,
1757800484.4205863,10000002,4660.08,0,last,
1757800484.4205863,10000002,4656.6,0,bid,
1757800484.4205863,10000002,4656.65,0,ask,
1757800485.4601405,10000002,4660.08,0,last,
1757800485.4601405,10000002,4656.6,0,bid,
1757800485.4601405,10000002,4656.65,0,ask,
1757800486.1697624,10000002,4660.1,0,last,
1757800486.1697624,10000002,4656.6,0,bid,
1757800486.1697624,10000002,4656.65,0,ask,
1757800487.5357838,10000002,4660.1,0,last,
1757800487.5357838,10000002,4656.6,0,bid,
1757800487.5357838,10000002,4656.65,0,ask,
1757800487.5393178,10000002,4660.1,0,last,
1757800487.5393178,10000002,4656.6,0,bid,
1757800487.5393178,10000002,4656.65,0,ask,
1757800487.5508265,10000002,4660.1,0,last,
1757800487.5508265,10000002,4656.6,0,bid,
1757800487.5508265,10000002,4656.65,0,ask,
1757800487.585071,10000002,4660.1,0,last,
1757800487.585071,10000002,4656.6,0,bid,
1757800487.585071,10000002,4656.65,0,ask,
1757800488.756695,10000002,4660.1,0,last,
1757800488.756695,10000002,4656.6,0,bid,
1757800488.756695,10000002,4656.65,0,ask,
1757800489.4213095,10000002,4660.1,0,last,
1757800489.4213095,10000002,4656.6,0,bid,
1757800489.4213095,10000002,4656.65,0,ask,
1757800490.4206522,10000002,4660.1,0,last,
1757800490.4206522,10000002,4656.6,0,bid,
1757800490.4206522,10000002,4656.65,0,ask,
1757800492.6857212,10000002,4660.1,0,last,
1757800492.6857212,10000002,4656.6,0,bid,
1757800492.6857212,10000002,4656.65,0,ask,
1757800492.6862383,10000002,4660.1,0,last,
1757800492.6862383,10000002,4656.6,0,bid,
1757800492.6862383,10000002,4656.65,0,ask,
1757800492.6960132,10000002,4660.1,0,last,
1757800492.6960132,10000002,4656.6,0,bid,
1757800492.6960132,10000002,4656.65,0,ask,
1757800492.7749374,10000002,4660.1,0,last,
1757800492.7749374,10000002,4656.6,0,bid,
1757800492.7749374,10000002,4656.65,0,ask,
1757800493.595991,10000002,4660.1,0,last,
1757800493.595991,10000002,4656.6,0,bid,
1757800493.595991,10000002,4656.65,0,ask,
1757800494.4219067,10000002,4660.03,0,last,
1757800494.4219067,10000002,4656.6,0,bid,
1757800494.4219067,10000002,4656.65,0,ask,
1757800494.7703927,10000002,4660.03,0,last,
1757800494.7703927,10000002,4656.6,0,bid,
1757800494.7703927,10000002,4656.65,0,ask,
1757800495.4227078,10000002,4660.03,0,last,
1757800495.4227078,10000002,4656.6,0,bid,
1757800495.4227078,10000002,4656.65,0,ask,
1757800497.5610473,10000002,4660.03,0,last,
1757800497.5610473,10000002,4656.6,0,bid,
1757800497.5610473,10000002,4656.65,0,ask,
1757800497.564139,10000002,4660.03,0,last,
1757800497.564139,10000002,4656.6,0,bid,
1757800497.564139,10000002,4656.65,0,ask,
1757800497.576025,10000002,4660.03,0,last,
1757800497.576025,10000002,4656.6,0,bid,
1757800497.576025,10000002,4656.65,0,ask,
1757800497.6522646,10000002,4660.03,0,last,
1757800497.6522646,10000002,4656.6,0,bid,
1757800497.6522646,10000002,4656.65,0,ask,
1757800498.5245645,10000002,4660.04,0,last,
1757800498.5245645,10000002,4656.6,0,bid,
1757800498.5245645,10000002,4656.65,0,ask,
1757800498.8134542,10000002,4660.04,0,last,
1757800498.8134542,10000002,4656.6,0,bid,
1757800498.8134542,10000002,4656.65,0,ask,
1757800499.4248366,10000002,4660.04,0,last,
1757800499.4248366,10000002,4656.6,0,bid,
1757800499.4248366,10000002,4656.65,0,ask,
1757800500.1957715,10000002,4660.04,0,last,
1757800500.1957715,10000002,4656.6,0,bid,
1757800500.1957715,10000002,4656.65,0,ask,
1757800500.4278634,10000002,4660.04,0,last,
1757800500.4278634,10000002,4656.6,0,bid,
1757800500.4278634,10000002,4656.65,0,ask,
1757800502.5788558,10000002,4660.04,0,last,
1757800502.5788558,10000002,4656.6,0,bid,
1757800502.5788558,10000002,4656.65,0,ask,
1757800502.5813627,10000002,4660.04,0,last,
1757800502.5813627,10000002,4656.6,0,bid,
1757800502.5813627,10000002,4656.65,0,ask,
1757800502.5929096,10000002,4660.04,0,last,
1757800502.5929096,10000002,4656.6,0,bid,
1757800502.5929096,10000002,4656.65,0,ask,
1757800502.6397276,10000002,4660.04,0,last,
1757800502.6397276,10000002,4656.6,0,bid,
1757800502.6397276,10000002,4656.65,0,ask,
1757800503.4208648,10000002,4660.04,0,last,
1757800503.4208648,10000002,4656.6,0,bid,
1757800503.4208648,10000002,4656.65,0,ask,
1757800504.61142,10000002,4660.04,0,last,
1757800504.61142,10000002,4656.6,0,bid,
1757800504.61142,10000002,4656.65,0,ask,
1757800505.4197397,10000002,4660.04,0,last,
1757800505.4197397,10000002,4656.6,0,bid,
1757800505.4197397,10000002,4656.65,0,ask,
1757800506.48632,10000002,4660.05,0,last,
1757800506.48632,10000002,4656.6,0,bid,
1757800506.48632,10000002,4656.65,0,ask,
1757800507.4744096,10000002,4660.05,0,last,
1757800507.4744096,10000002,4656.6,0,bid,
1757800507.4744096,10000002,4656.65,0,ask,
1757800507.4759588,10000002,4660.05,0,last,
1757800507.4759588,10000002,4656.6,0,bid,
1757800507.4759588,10000002,4656.65,0,ask,
1757800507.486848,10000002,4660.05,0,last,
1757800507.486848,10000002,4656.6,0,bid,
1757800507.486848,10000002,4656.65,0,ask,
1757800507.5266614,10000002,4660.05,0,last,
1757800507.5266614,10000002,4656.6,0,bid,
1757800507.5266614,10000002,4656.65,0,ask,
1757800509.109893,10000002,4660.05,0,last,
1757800509.109893,10000002,4656.6,0,bid,
1757800509.109893,10000002,4656.65,0,ask,
1757800509.577888,10000002,4659.9,0,last,
1757800509.577888,10000002,4656.6,0,bid,
1757800509.577888,10000002,4656.65,0,ask,
1757800509.577888,10000002,4659.9,0,last,
1757800509.577888,10000002,4656.6,0,bid,
1757800509.577888,10000002,4656.65,0,ask,
1757800509.5788884,10000002,4659.7,0,last,
1757800509.5788884,10000002,4656.6,0,bid,
1757800509.5788884,10000002,4656.65,0,ask,
1757800509.5788884,10000002,4659.6,0,last,
1757800509.5788884,10000002,4656.6,0,bid,
1757800509.5788884,10000002,4656.65,0,ask,
1757800509.750591,10000002,4659.6,0,last,
1757800509.750591,10000002,4656.6,0,bid,
1757800509.750591,10000002,4656.65,0,ask,
1757800510.4208696,10000002,4659.6,0,last,
1757800510.4208696,10000002,4656.6,0,bid,
1757800510.4208696,10000002,4656.65,0,ask,
1757800511.4313395,10000002,4659.43,0,last,
1757800511.4313395,10000002,4656.6,0,bid,
1757800511.4313395,10000002,4656.65,0,ask,
1757800512.5665963,10000002,4659.43,0,last,
1757800512.5665963,10000002,4656.6,0,bid,
1757800512.5665963,10000002,4656.65,0,ask,
1757800512.5720522,10000002,4659.43,0,last,
1757800512.5720522,10000002,4656.6,0,bid,
1757800512.5720522,10000002,4656.65,0,ask,
1757800512.6987543,10000002,4659.43,0,last,
1757800512.6987543,10000002,4656.6,0,bid,
1757800512.6987543,10000002,4656.65,0,ask,
1757800512.7007546,10000002,4659.43,0,last,
1757800512.7007546,10000002,4656.6,0,bid,
1757800512.7007546,10000002,4656.65,0,ask,
1757800513.4199274,10000002,4659.43,0,last,
1757800513.4199274,10000002,4656.6,0,bid,
1757800513.4199274,10000002,4656.65,0,ask,
1757800514.4641001,10000002,4659.43,0,last,
1757800514.4641001,10000002,4656.6,0,bid,
1757800514.4641001,10000002,4656.65,0,ask,
1757800515.4204206,10000002,4659.43,0,last,
1757800515.4204206,10000002,4656.6,0,bid,
1757800515.4204206,10000002,4656.65,0,ask,
1757800516.4589415,10000002,4659.43,0,last,
1757800516.4589415,10000002,4656.6,0,bid,
1757800516.4589415,10000002,4656.65,0,ask,
1757800516.4736702,10000002,4659.43,0,last,
1757800516.4736702,10000002,4656.6,0,bid,
1757800516.4736702,10000002,4656.65,0,ask,
1757800516.5548897,10000002,4659.43,0,last,
1757800516.5548897,10000002,4656.6,0,bid,
1757800516.5548897,10000002,4656.65,0,ask,
1757800517.432414,10000002,4659.54,0,last,
1757800517.432414,10000002,4656.6,0,bid,
1757800517.432414,10000002,4656.65,0,ask,
1757800518.3553667,10000002,4659.54,0,last,
1757800518.3553667,10000002,4656.6,0,bid,
1757800518.3553667,10000002,4656.65,0,ask,
1757800518.971168,10000002,4659.54,0,last,
1757800518.971168,10000002,4656.6,0,bid,
1757800518.971168,10000002,4656.65,0,ask,
1757800639.3955805,10000002,4660.1,0,last,
1757800639.3955805,10000002,4660.02,0,bid,
1757800639.3955805,10000002,4660.1,0,ask,
1757800639.5021517,10000002,4660.1,0,last,
1757800639.5021517,10000002,4660.02,0,bid,
1757800639.5021517,10000002,4660.1,0,ask,
1757800640.4148161,10000002,4660.1,0,last,
1757800640.4148161,10000002,4660.02,0,bid,
1757800640.4148161,10000002,4660.1,0,ask,
1757800641.453208,10000002,4660.1,0,last,
1757800641.453208,10000002,4660.02,0,bid,
1757800641.453208,10000002,4660.1,0,ask,
1757800641.463925,10000002,4660.1,0,last,
1757800641.463925,10000002,4660.02,0,bid,
1757800641.463925,10000002,4660.1,0,ask,
1757800641.5496235,10000002,4660.1,0,last,
1757800641.5496235,10000002,4660.02,0,bid,
1757800641.5496235,10000002,4660.1,0,ask,
1757800643.3563492,10000002,4660.1,0,last,
1757800643.3563492,10000002,4660.02,0,bid,
1757800643.3563492,10000002,4660.1,0,ask,
1757800643.4166243,10000002,4660.1,0,last,
1757800643.4166243,10000002,4660.02,0,bid,
1757800643.4166243,10000002,4660.1,0,ask,
1757800643.4308183,10000002,4660.74,0,last,
1757800643.4308183,10000002,4660.02,0,bid,
1757800643.4308183,10000002,4660.1,0,ask,
1757800644.5075223,10000002,4660.74,0,last,
1757800644.5075223,10000002,4660.02,0,bid,
1757800644.5075223,10000002,4660.1,0,ask,
1757800645.4189265,10000002,4660.74,0,last,
1757800645.4189265,10000002,4660.02,0,bid,
1757800645.4189265,10000002,4660.1,0,ask,
1757800646.4173796,10000002,4660.74,0,last,
1757800646.4173796,10000002,4660.02,0,bid,
1757800646.4173796,10000002,4660.1,0,ask,
1757800646.4471147,10000002,4660.74,0,last,
1757800646.4471147,10000002,4660.02,0,bid,
1757800646.4471147,10000002,4660.1,0,ask,
1757800646.4784963,10000002,4660.74,0,last,
1757800646.4784963,10000002,4660.02,0,bid,
1757800646.4784963,10000002,4660.1,0,ask,
1757800648.4646306,10000002,4660.74,0,last,
1757800648.4646306,10000002,4660.02,0,bid,
1757800648.4646306,10000002,4660.1,0,ask,
1757800648.4717097,10000002,4660.74,0,last,
1757800648.4717097,10000002,4660.02,0,bid,
1757800648.4717097,10000002,4660.1,0,ask,
1757800649.419067,10000002,4660.74,0,last,
1757800649.419067,10000002,4660.02,0,bid,
1757800649.419067,10000002,4660.1,0,ask,
1757800649.8160684,10000002,4660.38,0,last,
1757800649.8160684,10000002,4660.02,0,bid,
1757800649.8160684,10000002,4660.1,0,ask,
1757800650.4214242,10000002,4660.38,0,last,
1757800650.4214242,10000002,4660.02,0,bid,
1757800650.4214242,10000002,4660.1,0,ask,
1757800651.4233634,10000002,4660.38,0,last,
1757800651.4233634,10000002,4660.02,0,bid,
1757800651.4233634,10000002,4660.1,0,ask,
1757800651.4605145,10000002,4660.38,0,last,
1757800651.4605145,10000002,4660.02,0,bid,
1757800651.4605145,10000002,4660.1,0,ask,
1757800651.490615,10000002,4660.38,0,last,
1757800651.490615,10000002,4660.02,0,bid,
1757800651.490615,10000002,4660.1,0,ask,
1757800652.4601324,10000002,4660.38,0,last,
1757800652.4601324,10000002,4660.02,0,bid,
1757800652.4601324,10000002,4660.1,0,ask,
1757800654.3817048,10000002,4660.38,0,last,
1757800654.3817048,10000002,4660.02,0,bid,
1757800654.3817048,10000002,4660.1,0,ask,
1757800654.9614956,10000002,4660.38,0,last,
1757800654.9614956,10000002,4660.02,0,bid,
1757800654.9614956,10000002,4660.1,0,ask,
1757800655.5397367,10000002,4660.38,0,last,
1757800655.5397367,10000002,4660.02,0,bid,
1757800655.5397367,10000002,4660.1,0,ask,
1757800656.4293745,10000002,4660.38,0,last,
1757800656.4293745,10000002,4660.02,0,bid,
1757800656.4293745,10000002,4660.1,0,ask,
1757800656.431297,10000002,4660.36,0,last,
1757800656.431297,10000002,4660.02,0,bid,
1757800656.431297,10000002,4660.1,0,ask,
1757800656.4540467,10000002,4660.36,0,last,
1757800656.4540467,10000002,4660.02,0,bid,
1757800656.4540467,10000002,4660.1,0,ask,
1757800656.4983485,10000002,4660.36,0,last,
1757800656.4983485,10000002,4660.02,0,bid,
1757800656.4983485,10000002,4660.1,0,ask,
1757800657.4299543,10000002,4660.36,0,last,
1757800657.4299543,10000002,4660.02,0,bid,
1757800657.4299543,10000002,4660.1,0,ask,
1757800659.624832,10000002,4660.36,0,last,
1757800659.624832,10000002,4660.02,0,bid,
1757800659.624832,10000002,4660.1,0,ask,
1757800659.6322207,10000002,4660.36,0,last,
1757800659.6322207,10000002,4660.02,0,bid,
1757800659.6322207,10000002,4660.1,0,ask,
1757800660.8674896,10000002,4660.36,0,last,
1757800660.8674896,10000002,4660.02,0,bid,
1757800660.8674896,10000002,4660.1,0,ask,
1757800661.431982,10000002,4660.36,0,last,
1757800661.431982,10000002,4660.02,0,bid,
1757800661.431982,10000002,4660.1,0,ask,
1757800661.4590628,10000002,4660.36,0,last,
1757800661.4590628,10000002,4660.02,0,bid,
1757800661.4590628,10000002,4660.1,0,ask,
1757800661.4933424,10000002,4660.36,0,last,
1757800661.4933424,10000002,4660.02,0,bid,
1757800661.4933424,10000002,4660.1,0,ask,
1757800662.42233,10000002,4660.36,0,last,
1757800662.42233,10000002,4660.02,0,bid,
1757800662.42233,10000002,4660.1,0,ask,
1757800664.0876954,10000002,4660.78,0,last,
1757800664.0876954,10000002,4660.02,0,bid,
1757800664.0876954,10000002,4660.1,0,ask,
1757800664.4611962,10000002,4660.78,0,last,
1757800664.4611962,10000002,4660.02,0,bid,
1757800664.4611962,10000002,4660.1,0,ask,
1757800664.4777508,10000002,4660.78,0,last,
1757800664.4777508,10000002,4660.02,0,bid,
1757800664.4777508,10000002,4660.1,0,ask,
1757800665.4209132,10000002,4660.78,0,last,
1757800665.4209132,10000002,4660.02,0,bid,
1757800665.4209132,10000002,4660.1,0,ask,
1757800666.5187569,10000002,4660.78,0,last,
1757800666.5187569,10000002,4660.02,0,bid,
1757800666.5187569,10000002,4660.1,0,ask,
1757800666.5308444,10000002,4660.78,0,last,
1757800666.5308444,10000002,4660.02,0,bid,
1757800666.5308444,10000002,4660.1,0,ask,
1757800666.570568,10000002,4660.78,0,last,
1757800666.570568,10000002,4660.02,0,bid,
1757800666.570568,10000002,4660.1,0,ask,
1757800667.4188688,10000002,4660.78,0,last,
1757800667.4188688,10000002,4660.02,0,bid,
1757800667.4188688,10000002,4660.1,0,ask,
1757800669.5004618,10000002,4660.78,0,last,
1757800669.5004618,10000002,4660.02,0,bid,
1757800669.5004618,10000002,4660.1,0,ask,
1757800669.5043733,10000002,4660.78,0,last,
1757800669.5043733,10000002,4660.02,0,bid,
1757800669.5043733,10000002,4660.1,0,ask,
1757800669.7152717,10000002,4660.99,0,last,
1757800669.7152717,10000002,4660.02,0,bid,
1757800669.7152717,10000002,4660.1,0,ask,
1757800670.7273185,10000002,4660.99,0,last,
1757800670.7273185,10000002,4660.02,0,bid,
1757800670.7273185,10000002,4660.1,0,ask,
1757800671.4196935,10000002,4660.99,0,last,
1757800671.4196935,10000002,4660.02,0,bid,
1757800671.4196935,10000002,4660.1,0,ask,
1757800671.447617,10000002,4660.99,0,last,
1757800671.447617,10000002,4660.02,0,bid,
1757800671.447617,10000002,4660.1,0,ask,
1757800671.4826105,10000002,4660.99,0,last,
1757800671.4826105,10000002,4660.02,0,bid,
1757800671.4826105,10000002,4660.1,0,ask,
1757800671.8236144,10000002,4661.07,0,last,
1757800671.8236144,10000002,4660.02,0,bid,
1757800671.8236144,10000002,4660.1,0,ask,
1757800672.4193277,10000002,4661.07,0,last,
1757800672.4193277,10000002,4660.02,0,bid,
1757800672.4193277,10000002,4660.1,0,ask,
1757800674.3598583,10000002,4661.07,0,last,
1757800674.3598583,10000002,4660.02,0,bid,
1757800674.3598583,10000002,4660.1,0,ask,
1757800674.4547164,10000002,4661.07,0,last,
1757800674.4547164,10000002,4660.02,0,bid,
1757800674.4547164,10000002,4660.1,0,ask,
1757800675.8808236,10000002,4661.07,0,last,
1757800675.8808236,10000002,4660.02,0,bid,
1757800675.8808236,10000002,4660.1,0,ask,
1757800676.4686553,10000002,4661.07,0,last,
1757800676.4686553,10000002,4660.02,0,bid,
1757800676.4686553,10000002,4660.1,0,ask,
1757800676.483614,10000002,4661.07,0,last,
1757800676.483614,10000002,4660.02,0,bid,
1757800676.483614,10000002,4660.1,0,ask,
1757800676.5279465,10000002,4661.07,0,last,
1757800676.5279465,10000002,4660.02,0,bid,
1757800676.5279465,10000002,4660.1,0,ask,
1757800677.4227421,10000002,4661.07,0,last,
1757800677.4227421,10000002,4660.02,0,bid,
1757800677.4227421,10000002,4660.1,0,ask,
1757800678.4562569,10000002,4661.07,0,last,
1757800678.4562569,10000002,4660.02,0,bid,
1757800678.4562569,10000002,4660.1,0,ask,
1757800679.4762914,10000002,4661.07,0,last,
1757800679.4762914,10000002,4660.02,0,bid,
1757800679.4762914,10000002,4660.1,0,ask,
1757800680.199696,10000002,4661.07,0,last,
1757800680.199696,10000002,4660.02,0,bid,
1757800680.199696,10000002,4660.1,0,ask,
1757800680.4141,10000002,4661.07,0,last,
1757800680.4141,10000002,4660.02,0,bid,
1757800680.4141,10000002,4660.1,0,ask,
1757800681.0602443,10000002,4661.07,0,last,
1757800681.0602443,10000002,4660.02,0,bid,
1757800681.0602443,10000002,4660.1,0,ask,
1757800681.6560466,10000002,4661.07,0,last,
1757800681.6560466,10000002,4660.02,0,bid,
1757800681.6560466,10000002,4660.1,0,ask,
1757800681.6737163,10000002,4661.07,0,last,
1757800681.6737163,10000002,4660.02,0,bid,
1757800681.6737163,10000002,4660.1,0,ask,
1757800681.7131977,10000002,4661.07,0,last,
1757800681.7131977,10000002,4660.02,0,bid,
1757800681.7131977,10000002,4660.1,0,ask,
1757800682.4213963,10000002,4661.07,0,last,
1757800682.4213963,10000002,4660.02,0,bid,
1757800682.4213963,10000002,4660.1,0,ask,
1757800683.423319,10000002,4661.07,0,last,
1757800683.423319,10000002,4660.02,0,bid,
1757800683.423319,10000002,4660.1,0,ask,
1757800685.6774652,10000002,4661.07,0,last,
1757800685.6774652,10000002,4660.02,0,bid,
1757800685.6774652,10000002,4660.1,0,ask,
1757800685.6938102,10000002,4661.07,0,last,
1757800685.6938102,10000002,4660.02,0,bid,
1757800685.6938102,10000002,4660.1,0,ask,
1757800686.9398994,10000002,4661.07,0,last,
1757800686.9398994,10000002,4660.02,0,bid,
1757800686.9398994,10000002,4660.1,0,ask,
1757800686.9418993,10000002,4661.07,0,last,
1757800686.9418993,10000002,4660.02,0,bid,
1757800686.9418993,10000002,4660.1,0,ask,
1757800686.9877188,10000002,4661.07,0,last,
1757800686.9877188,10000002,4660.02,0,bid,
1757800686.9877188,10000002,4660.1,0,ask,
1757800687.4819896,10000002,4661.09,0,last,
1757800687.4819896,10000002,4660.02,0,bid,
1757800687.4819896,10000002,4660.1,0,ask,
1757800687.5164032,10000002,4661.09,0,last,
1757800687.5164032,10000002,4660.02,0,bid,
1757800687.5164032,10000002,4660.1,0,ask,
1757800688.4287767,10000002,4661.09,0,last,
1757800688.4287767,10000002,4660.02,0,bid,
1757800688.4287767,10000002,4660.1,0,ask,
1757800690.3795643,10000002,4661.09,0,last,
1757800690.3795643,10000002,4660.02,0,bid,
1757800690.3795643,10000002,4660.1,0,ask,
1757800691.1060266,10000002,4661.09,0,last,
1757800691.1060266,10000002,4660.02,0,bid,
1757800691.1060266,10000002,4660.1,0,ask,
1757800691.6875439,10000002,4661.05,0,last,
1757800691.6875439,10000002,4660.02,0,bid,
1757800691.6875439,10000002,4660.1,0,ask,
1757800691.6993556,10000002,4661.05,0,last,
1757800691.6993556,10000002,4660.02,0,bid,
1757800691.6993556,10000002,4660.1,0,ask,
1757800691.713656,10000002,4661.05,0,last,
1757800691.713656,10000002,4660.02,0,bid,
1757800691.713656,10000002,4660.1,0,ask,
1757800691.750951,10000002,4661.05,0,last,
1757800691.750951,10000002,4660.02,0,bid,
1757800691.750951,10000002,4660.1,0,ask,
1757800692.4191957,10000002,4661.05,0,last,
1757800692.4191957,10000002,4660.02,0,bid,
1757800692.4191957,10000002,4660.1,0,ask,
1757800693.425694,10000002,4661.05,0,last,
1757800693.425694,10000002,4660.02,0,bid,
1757800693.425694,10000002,4660.1,0,ask,
1757800695.4626794,10000002,4661.05,0,last,
1757800695.4626794,10000002,4660.02,0,bid,
1757800695.4626794,10000002,4660.1,0,ask,
1757800695.4686177,10000002,4661.05,0,last,
1757800695.4686177,10000002,4660.02,0,bid,
1757800695.4686177,10000002,4660.1,0,ask,
1757800696.6893845,10000002,4661.05,0,last,
1757800696.6893845,10000002,4660.02,0,bid,
1757800696.6893845,10000002,4660.1,0,ask,
1757800696.7033532,10000002,4661.05,0,last,
1757800696.7033532,10000002,4660.02,0,bid,
1757800696.7033532,10000002,4660.1,0,ask,
1757800696.7478325,10000002,4661.05,0,last,
1757800696.7478325,10000002,4660.02,0,bid,
1757800696.7478325,10000002,4660.1,0,ask,
1757800697.4172893,10000002,4661.05,0,last,
1757800697.4172893,10000002,4660.02,0,bid,
1757800697.4172893,10000002,4660.1,0,ask,
1757800697.4577675,10000002,4661.13,0,last,
1757800697.4577675,10000002,4660.02,0,bid,
1757800697.4577675,10000002,4660.1,0,ask,
1757800698.417709,10000002,4661.13,0,last,
1757800698.417709,10000002,4660.02,0,bid,
1757800698.417709,10000002,4660.1,0,ask,
1757800700.5619376,10000002,4661.13,0,last,
1757800700.5619376,10000002,4660.02,0,bid,
1757800700.5619376,10000002,4660.1,0,ask,
1757800700.5692348,10000002,4661.13,0,last,
1757800700.5692348,10000002,4660.02,0,bid,
1757800700.5692348,10000002,4660.1,0,ask,
1757800701.4160395,10000002,4661.13,0,last,
1757800701.4160395,10000002,4660.02,0,bid,
1757800701.4160395,10000002,4660.1,0,ask,
1757800701.4466224,10000002,4661.13,0,last,
1757800701.4466224,10000002,4660.02,0,bid,
1757800701.4466224,10000002,4660.1,0,ask,
1757800701.4876788,10000002,4661.13,0,last,
1757800701.4876788,10000002,4660.02,0,bid,
1757800701.4876788,10000002,4660.1,0,ask,
1757800702.506243,10000002,4661.13,0,last,
1757800702.506243,10000002,4660.02,0,bid,
1757800702.506243,10000002,4660.1,0,ask,
1757800703.419152,10000002,4661.13,0,last,
1757800703.419152,10000002,4660.02,0,bid,
1757800703.419152,10000002,4660.1,0,ask,
1757800704.454471,10000002,4661.13,0,last,
1757800704.454471,10000002,4660.02,0,bid,
1757800704.454471,10000002,4660.1,0,ask,
1757800705.4204738,10000002,4661.21,0,last,
1757800705.4204738,10000002,4660.02,0,bid,
1757800705.4204738,10000002,4660.1,0,ask,
1757800706.369122,10000002,4661.21,0,last,
1757800706.369122,10000002,4660.02,0,bid,
1757800706.369122,10000002,4660.1,0,ask,
1757800706.417621,10000002,4661.21,0,last,
1757800706.417621,10000002,4660.02,0,bid,
1757800706.417621,10000002,4660.1,0,ask,
1757800706.4472415,10000002,4661.21,0,last,
1757800706.4472415,10000002,4660.02,0,bid,
1757800706.4472415,10000002,4660.1,0,ask,
1757800706.4853444,10000002,4661.21,0,last,
1757800706.4853444,10000002,4660.02,0,bid,
1757800706.4853444,10000002,4660.1,0,ask,
1757800707.5464044,10000002,4661.21,0,last,
1757800707.5464044,10000002,4660.02,0,bid,
1757800707.5464044,10000002,4660.1,0,ask,
1757800708.4226959,10000002,4661.21,0,last,
1757800708.4226959,10000002,4660.02,0,bid,
1757800708.4226959,10000002,4660.1,0,ask,
1757800708.4394178,10000002,4661.23,0,last,
1757800708.4394178,10000002,4660.02,0,bid,
1757800708.4394178,10000002,4660.1,0,ask,
1757800708.4395962,10000002,4661.16,0,last,
1757800708.4395962,10000002,4660.02,0,bid,
1757800708.4395962,10000002,4660.1,0,ask,
1757800709.4578502,10000002,4661.16,0,last,
1757800709.4578502,10000002,4660.02,0,bid,
1757800709.4578502,10000002,4660.1,0,ask,
1757800711.3859844,10000002,4661.16,0,last,
1757800711.3859844,10000002,4660.02,0,bid,
1757800711.3859844,10000002,4660.1,0,ask,
1757800711.9833124,10000002,4661.16,0,last,
1757800711.9833124,10000002,4660.02,0,bid,
1757800711.9833124,10000002,4660.1,0,ask,
1757800711.9979517,10000002,4661.16,0,last,
1757800711.9979517,10000002,4660.02,0,bid,
1757800711.9979517,10000002,4660.1,0,ask,
1757800712.0396595,10000002,4661.16,0,last,
1757800712.0396595,10000002,4660.02,0,bid,
1757800712.0396595,10000002,4660.1,0,ask,
1757800712.5819025,10000002,4661.16,0,last,
1757800712.5819025,10000002,4660.02,0,bid,
1757800712.5819025,10000002,4660.1,0,ask,
1757800713.2263515,10000002,4661.29,0,last,
1757800713.2263515,10000002,4660.02,0,bid,
1757800713.2263515,10000002,4660.1,0,ask,
1757800713.2264318,10000002,4661.37,0,last,
1757800713.2264318,10000002,4660.02,0,bid,
1757800713.2264318,10000002,4660.1,0,ask,
1757800713.2266524,10000002,4661.39,0,last,
1757800713.2266524,10000002,4660.02,0,bid,
1757800713.2266524,10000002,4660.1,0,ask,
1757800713.2267017,10000002,4661.45,0,last,
1757800713.2267017,10000002,4660.02,0,bid,
1757800713.2267017,10000002,4660.1,0,ask,
1757800713.4255877,10000002,4661.45,0,last,
1757800713.4255877,10000002,4660.02,0,bid,
1757800713.4255877,10000002,4660.1,0,ask,
1757800714.4583554,10000002,4661.45,0,last,
1757800714.4583554,10000002,4660.02,0,bid,
1757800714.4583554,10000002,4660.1,0,ask,
1757800716.3993247,10000002,4661.45,0,last,
1757800716.3993247,10000002,4660.02,0,bid,
1757800716.3993247,10000002,4660.1,0,ask,
1757800716.426554,10000002,4661.45,0,last,
1757800716.426554,10000002,4660.02,0,bid,
1757800716.426554,10000002,4660.1,0,ask,
1757800716.4529243,10000002,4661.45,0,last,
1757800716.4529243,10000002,4660.02,0,bid,
1757800716.4529243,10000002,4660.1,0,ask,
1757800716.4907937,10000002,4661.45,0,last,
1757800716.4907937,10000002,4660.02,0,bid,
1757800716.4907937,10000002,4660.1,0,ask,
1757800717.579692,10000002,4661.45,0,last,
1757800717.579692,10000002,4660.02,0,bid,
1757800717.579692,10000002,4660.1,0,ask,
1757800718.4294035,10000002,4661.45,0,last,
1757800718.4294035,10000002,4660.02,0,bid,
1757800718.4294035,10000002,4660.1,0,ask,
1757800719.42653,10000002,4661.45,0,last,
1757800719.42653,10000002,4660.02,0,bid,
1757800719.42653,10000002,4660.1,0,ask,
1757800719.437945,10000002,4661.53,0,last,
1757800719.437945,10000002,4660.02,0,bid,
1757800719.437945,10000002,4660.1,0,ask,
1757800721.5936975,10000002,4661.53,0,last,
1757800721.5936975,10000002,4660.02,0,bid,
1757800721.5936975,10000002,4660.1,0,ask,
1757800721.6004457,10000002,4661.53,0,last,
1757800721.6004457,10000002,4660.02,0,bid,
1757800721.6004457,10000002,4660.1,0,ask,
1757800721.6075594,10000002,4661.53,0,last,
1757800721.6075594,10000002,4660.02,0,bid,
1757800721.6075594,10000002,4660.1,0,ask,
1757800721.6385126,10000002,4661.53,0,last,
1757800721.6385126,10000002,4660.02,0,bid,
1757800721.6385126,10000002,4660.1,0,ask,
1757800722.8540661,10000002,4661.53,0,last,
1757800722.8540661,10000002,4660.02,0,bid,
1757800722.8540661,10000002,4660.1,0,ask,
1757800723.427616,10000002,4661.53,0,last,
1757800723.427616,10000002,4660.02,0,bid,
1757800723.427616,10000002,4660.1,0,ask,
1757800723.439495,10000002,4661.53,0,last,
1757800723.439495,10000002,4660.02,0,bid,
1757800723.439495,10000002,4660.1,0,ask,
1757800724.4170606,10000002,4661.53,0,last,
1757800724.4170606,10000002,4660.02,0,bid,
1757800724.4170606,10000002,4660.1,0,ask,
1757800725.461439,10000002,4661.53,0,last,
1757800725.461439,10000002,4660.02,0,bid,
1757800725.461439,10000002,4660.1,0,ask,
